Workbook

Sheet raw
A1: nengdara.hdr@gmail.com | B1: Abdul Rayhan Pradipta | D1: =IF(E1="","",COUNTIF(B:B,E1)) -> 1 | E1: Abdul Rayhan Pradipta | F1: VII Thalhah bin Ubaidillah | G1: Marwan Malik Ibrahim, S.Pd. | K1: Kode Guru | L1: Nama Guru | P1: VII Abu Bakar Ash-shiddiq | R1: No | S1: Nama | T1: NIPD | U1: JK | V1: NISN | W1: Tempat Lahir | X1: Tanggal Lahir | Y1: NIK | Z1: Agama | AA1: Alamat | AB1: Kecamatan | AC1: Kode Pos | AD1: HP | AE1: E-Mail | AF1: nama ayah | AG1: tahun lahir | AH1: nama ibu | AI1: tahun lahir | AJ1: kelas
A2: abhinayasyafiq19@gmail.com | B2: Abhinaya Syafiq Natadikara | D2: =IF(E2="","",COUNTIF(B:B,E2)) -> 1 | E2: Abhinaya Syafiq Natadikara | F2: VII Abu Bakar Ash-shiddiq | G2: Agus Sayyidul Ayyam, S.Pd. | K2: AKR | L2: Arai Kurnia Ramadhan | P2: Abu Bakar Ash-shiddiq | R2: 1 | S2: ABDUL RAYHAN PRADIPTA | T2: 2627065 | U2: L | V2: 0141066499 | W2: Payakumbuh | X2: 2014-04-15 | Y2: 1371041504140002 | Z2: Islam | AA2: Jl. Tubagus Ismail 1 No. 20 | AB2: Kec. Coblong | AC2: 40132 | AD2: 085263366388 | AF2: SYUKRA AL HAMDA | AG2: 1989 | AH2: DARA INDAH PERTIWI | AI2: 1990 | AJ2: 7 C
A3: abyazfauzil@gmail.com | B3: Abyaz Fauzil Firjatullah | D3: =IF(E3="","",COUNTIF(B:B,E3)) -> 2 | E3: Abyaz Fauzil Firjatullah | F3: VIII Umar bin Khattab | G3: Sabrina Niela Ni'ami, S.Pd. | K3: ASA | L3: Agus Sayyidul Ayyam, S.Pd. | R3: 2 | S3: Abhinaya Syafiq Natadikara | T3: 2627001 | U3: L | V3: 3149021359 | W3: Tangerang | X3: 2014-03-19 | Y3: 3671111903140002 | Z3: Islam | AA3: Jingga Residence Blok C 90 | AB3: Kec. Rancasari | AC3: 40286 | AD3: 082120163344 | AE3: Rawidya80@gmail.com | AF3: Mustika Natadikara | AG3: 1977 | AH3: Ratna Widyaningsih | AI3: 1980 | AJ3: 7 A
A4: samlordshilmi@gmail.com | B4: Abyaz Fauzil Firjatullah | D4: =IF(E4="","",COUNTIF(B:B,E4)) -> 1 | E4: Adam Avicii Adelard | F4: VII Thalhah bin Ubaidillah | G4: Sahri Fauzan, S.Pd. | K4: BSI | L4: Bunga Sarah Istiqomah, S.Ag. | P4: VII Ali bin Abi Thalib | R4: 3 | S4: Abyaz Fauzil Firjatullah | T4: 2526001 | U4: L | V4: 3126431912 | W4: Bandung | X4: 2012-05-28 | Y4: 3273222805120003 | Z4: Islam | AA4: Jl. Cijawura Hilir II no. 123 | AB4: Kec. Buahbatu | AC4: 40287 | AD4: 085315331984 | AF4: Muhammad Abdul Basir | AG4: 1984 | AH4: Yeye Fahrina Inayatillah | AI4: 1983 | AJ4: 8 A
A5: adam.avicii.adelard@gmail.com | B5: Adam Avicii Adelard | D5: =IF(E5="","",COUNTIF(B:B,E5)) -> 1 | E5: Adinda Fatimah Zahra | F5: VII Ali bin Abi Thalib | G5: Sabrina Niela Ni'ami, S.Pd. | K5: LNI | L5: Lespi Nurul Izati, S.Ag. | P5: VII Thalhah bin Ubaidillah | R5: 4 | S5: Adam Avicii Adelard | T5: 2627066 | U5: L | V5: 0138107714 | W5: Bandung | X5: 2013-11-13 | Y5: 3273121311130003 | Z5: Islam | AA5: Riung Purna 7 No.5 | AB5: Kec. Gedebage | AD5: 081223458582 | AF5: Yerry Octavianus | AG5: 1979 | AH5: Ratna Hartati | AI5: 1990 | AJ5: 7 C
A6: azzahra11022014@gmail.com | B6: Adinda Fatimah Zahra | D6: =IF(E6="","",COUNTIF(B:B,E6)) -> 1 | E6: Adreena Shabira | F6: VII Abu Bakar Ash-shiddiq | G6: Lespi Nurul izzati, S.Ag. | K6: MSW | L6: Mawar Sri Wahyuni, S.Pd. | P6: VIII Umar bin Khattab | R6: 5 | S6: Adinda Fatimah Zahra | T6: 2627033 | U6: P | V6: 3143690788 | W6: Semarang | X6: 2014-02-11 | Y6: 3271065102140002 | Z6: Islam | AA6: Komp. Baitussalam/DPRD Kav. 53 | AB6: Kec. Buahbatu | AC6: 40287 | AD6: 088809589821 | AE6: astrisia240883@gmail.com | AF6: FAISAL FAZRIAN | AG6: 1983 | AH6: ASTRISIA FITRIANI | AI6: 1983 | AJ6: 7 B
A7: adeemerqwee@gmail.com | B7: Admira Queensha Azzahra | D7: =IF(E7="","",COUNTIF(B:B,E7)) -> 2 | E7: Adzikra Athari Rinaldi | F7: VII Thalhah bin Ubaidillah | G7: Sahri Fauzan, S.Pd. | K7: ANN | L7: Annida Nurrohmah | P7: VIII Abdurrahman bin Auf | R7: 6 | S7: Adreena Shabira | T7: 2627002 | U7: P | V7: 3147257623 | W7: Bandung | X7: 2014-05-26 | Y7: 3273236605140001 | Z7: Islam | AA7: Jl. Merkuri Tengah VIII No. 7 | AB7: Kec. Rancasari | AC7: 40286 | AD7: 081398718345 | AF7: Adriansyah | AG7: 1980 | AH7: KUSMADINI SUHARTI | AI7: 1981 | AJ7: 7 A
A8: g3nt42007@gmail.com | B8: Adreena Shabira | D8: =IF(E8="","",COUNTIF(B:B,E8)) -> 1 | E8: Adziqa naufal qisya | F8: VII Thalhah bin Ubaidillah | G8: Agus Sayyidul Ayyam, S.Pd. | K8: SHF | L8: Sahri Fauzan, S.Pd. | P8: VIII Sa'ad Bin Abi Waqqash | R8: 7 | S8: Adzikra Athari Rinaldi | T8: 2627067 | U8: P | V8: 0133723976 | W8: Bandung | X8: 2013-12-07 | Y8: 3273234712130001 | Z8: Islam | AA8: Merkuri Selatan VII NO 6 | AB8: Kec. Rancasari | AC8: 40286 | AD8: 081297841323 | AE8: Niasintawati81@gmail.com | AF8: Aris Rinaldi | AG8: 1979 | AH8: Nia Sintawaty | AI8: 1981 | AJ8: 7 C
A9: arisrinaldi79@gmail.com | B9: Adzikra Athari Rinaldi | D9: =IF(E9="","",COUNTIF(B:B,E9)) -> 2 | E9: Afifa Syakira Muktisa | F9: VIII Sa'ad Bin Abi Waqqash | G9: Bunga Sarah Istiqomah, S.Ag. | K9: MNS | L9: Muhammad Nurrachman Satrio, S.Pd. | P9: IX Utsman bin Affan | R9: 8 | S9: Adziqa Naufal Qisya | T9: 2627068 | U9: L | V9: 0138471291 | W9: Cimahi | X9: 2013-09-28 | Y9: 3273132809130002 | Z9: Islam | AA9: jl pasir intan no 3D pasir pogor | AB9: Kec. Rancasari | AC9: 40613 | AD9: 08996005408 | AE9: rikaandrianiyogianto@gmail.com | AF9: Yoga Yogianto | AG9: 1985 | AH9: Rika Andriani | AI9: 1992 | AJ9: 7 C
A10: niasintawaty81@gmail.com | B10: Adzikra Athari Rinaldi | D10: =IF(E10="","",COUNTIF(B:B,E10)) -> 1 | E10: afifah naura Zafarani | F10: IX Utsman bin Affan | G10: Marwan Malik Ibrahim, S.Pd. | P10: IX Zubair bin Awwam | R10: 9 | S10: Afifa Syakira Muktisa | T10: 2526065 | U10: P | V10: 0128498183 | W10: Bandung | X10: 2012-03-27 | Y10: 3273236703120002 | Z10: Islam | AA10: Jl. Taman Saturnus II no. 5 | AB10: Kec. Rancasari | AC10: 40286 | AD10: 0895703171029 | AF10: Anggi Pramadhya Mukti Wardhana | AG10: 1985 | AH10: Annisa Hartani | AI10: 1985 | AJ10: 8 C
A11: rikaandrianiyogianto@gmail.com | B11: Adziqa naufal qisya | D11: =IF(E11="","",COUNTIF(B:B,E11)) -> 0 | E11: Afnan Maqil Kautsar | F11: IX Utsman bin Affan | G11: Bunga Sarah Istiqomah, S.Ag. | R11: 10 | S11: AFIFAH NAURA ZAFARANI | T11: 2425001 | U11: P | V11: 0126787257 | W11: Blitar | X11: 2012-04-08 | Y11: 3505184804120001 | Z11: Islam | AA11: KOMP.BEA CUKAI NO.40 JL.CIJAWURA GIRANG V SEKEJATI BANDUNG | AB11: Kec. Buahbatu | AD11: 08997474076 | AF11: IMAM SOLIKIN | AG11: 1988 | AH11: SISKA MAHARANI | AI11: 1989 | AJ11: 9 A
A12: afifa.muktisa@gmail.com | B12: Afifa Syakira Muktisa | D12: =IF(E12="","",COUNTIF(B:B,E12)) -> 2 | E12: Agta Malika Lapuri | F12: VIII Abdurrahman bin Auf | G12: Agus Sayyidul Ayyam, S.Pd. | R12: 11 | S12: AFNAN MAQIL KAUTSAR | T12: 2425063 | U12: L | V12: 0121695890 | W12: BANDUNG | X12: 2012-07-01 | Y12: 3273270107140002 | Z12: Islam | AA12: JL. CEMARA C.5 BUMI ADIPURA | AB12: Kec. Gedebage | AC12: 40295 | AF12: ASEP NAJMURROKHMAN | AG12: 1971 | AH12: MEGGIE CHAIRINA | AI12: 1974 | AJ12: 9 A
A13: sayyiddays1984@gmail.com | B13: Afifa Syakira Muktisa | D13: =IF(E13="","",COUNTIF(B:B,E13)) -> 0 | E13: Ahmad Satria Alfatih | F13: VII Thalhah bin Ubaidillah | G13: Agus Sayyidul Ayyam, S.Pd. | R13: 12 | S13: AGTA MALIKA LAPURI | T13: 2526033 | U13: P | V13: 3137745114 | W13: BANDUNG | X13: 2013-03-08 | Y13: 3273234803130001 | Z13: Islam | AA13: KOMPLEK BANYU BIRU BLOK N-10 | AB13: Kec. Rancasari | AC13: 40613 | AD13: 085720505208 | AF13: ANUGRAH NURRADITA | AG13: 1986 | AH13: SHEILA PUSPITA WULANDARI | AI13: 1988 | AJ13: 8 B
A14: afifah.naura2012@gmail.com | B14: afifah naura Zafarani | D14: =IF(E14="","",COUNTIF(B:B,E14)) -> 1 | E14: Aisyah Hayundya Putri Senna | F14: VIII Sa'ad Bin Abi Waqqash | G14: Bunga Sarah Istiqomah, S.Ag. | R14: 13 | S14: Ahmad Satria Alfatih | T14: 2627069 | U14: L | V14: 3133234422 | W14: Balikpapan | X14: 2013-09-14 | Y14: 3172021409131007 | Z14: Islam | AA14: Jl. Papanggo I GG. Apel No.23 | AB14: Kec. Rancasari | AC14: 40292 | AD14: 081320450230 | AF14: Bayu Suryo Kusumo | AG14: 1982 | AH14: Hanifah Sani SPT | AI14: 1982 | AJ14: 7 C
A15: agtamalika@gmail.com | B15: Agta Malika Lapuri | D15: =IF(E15="","",COUNTIF(B:B,E15)) -> 2 | E15: Akma Faizia Khaerunnisa | F15: IX Utsman bin Affan | G15: Bunga Sarah Istiqomah, S.Ag. | R15: 14 | S15: AISYAH HAYUNDYA PUTRI SENNA | T15: 2526066 | U15: P | V15: 3136158343 | W15: Pontianak | X15: 2013-01-31 | Y15: 6171067101130001 | Z15: Islam | AA15: Jl. Gedebage komp. Bumi Adipura cluster palem raya No. 7 | AB15: Kec. Gedebage | AC15: 40294 | AD15: 081329120120 | AE15: hayunieta@gmail.com | AF15: Seno widodo | AG15: 1978 | AH15: Hayunieta | AI15: 1980 | AJ15: 8 C
A16: sayyiddays1984@gmail.com | B16: Agta Malika Lapuri | D16: =IF(E16="","",COUNTIF(B:B,E16)) -> 1 | E16: Al Junno Arkaan Kyonando | F16: VII Abu Bakar Ash-shiddiq | G16: Arai kurnia Ramadhan | R16: 15 | S16: Akma Faizia Khaerunnisa | T16: 2425032 | U16: P | V16: 0124314004 | W16: Bandung | X16: 2012-07-17 | Y16: 3273235707120001 | Z16: Islam | AA16: JL.MARS SELATAN III NO.9 MANJAHLEGA BANDUNG | AB16: Kec. Rancasari | AD16: 081322042660 | AE16: ventizia2012@gmail.com | AF16: ERI FEBRIANA | AG16: 1976 | AH16: SUVENTI TURIATIN | AI16: 1977 | AJ16: 9 A
A17: aisyahputrisenna@gmail.com | B17: Aisyah Hayundya Putri Senna | D17: =IF(E17="","",COUNTIF(B:B,E17)) -> 1 | E17: Alana Aisha Fara | F17: VIII Sa'ad Bin Abi Waqqash | G17: Arai Kurnia Ramadhan | R17: 16 | S17: AL JUNNO ARKAAN KYONANDO | T17: 2627003 | U17: L | V17: 0137353541 | W17: Bandung | X17: 2013-09-28 | Y17: 3273232809130001 | Z17: Islam | AA17: Saturnus Timur I No. 4 | AB17: Kec. Rancasari | AC17: 40286 | AD17: 081809405660 | AF17: Mochamad Rangga Rhamdany | AG17: 1984 | AH17: Flaminia Occitanie Adrial | AI17: 1986 | AJ17: 7 A
A18: aiai.26kalia.m@gmail.com | B18: Aisyah Kalia Mahya | D18: =IF(E18="","",COUNTIF(B:B,E18)) -> 0 | E18: Alaric Isra Rizaki | F18: VII Thalhah bin Ubaidillah | G18: Sahri Fauzan, S.Pd. | R18: 17 | S18: ALANA AISHA FARA | T18: 2526067 | U18: P | V18: 0128979528 | W18: Bandung | X18: 2012-06-09 | Y18: 3273224906120005 | Z18: Islam | AA18: Komp. Pesona Ciwastra Permai Blok C1 No. 3 | AB18: Kec. Buahbatu | AC18: 40286 | AD18: 08562277967 | AF18: DENI HAMDANI | AG18: 1978 | AH18: AZIZAH | AI18: 1980 | AJ18: 8 C
A19: aisyahsoebekti@gmail.com | B19: Aisyah Lathifah Soebekti | D19: =IF(E19="","",COUNTIF(B:B,E19)) -> 1 | E19: Alby Raiki Elfarizi | F19: VII Abu Bakar Ash-shiddiq | G19: Lespi Nurul izzati, S.Ag. | R19: 18 | S19: ALARIC ISRA RIZAKI | T19: 2627070 | U19: L | V19: 3146870294 | W19: Bandung | X19: 2014-05-16 | Y19: 3273201605140001 | Z19: Islam | AA19: KOMP. DE MARAKESH BLOK B4 NO.16 | AB19: Kec. Rancasari | AC19: 40613 | AD19: 085318461501 | AF19: Ahmed Zaki Akbar | AG19: 1979 | AH19: Nuryanti Riani | AI19: 1980 | AJ19: 7 C
A20: ttqalfitrahsmp@gmail.com | B20: Aisyah Lathifah Soebekti | D20: =IF(E20="","",COUNTIF(B:B,E20)) -> 2 | E20: Alea Izzatunnisa Aurora | F20: VII Abu Bakar Ash-shiddiq | G20: Lespi Nurul izzati, S.Ag. | R20: 19 | S20: Alby Raiki Elfarizi | T20: 2627004 | U20: L | V20: 3135407479 | W20: Bandung | X20: 2013-11-06 | Y20: 3273220611130003 | Z20: Islam | AA20: Jl. Bahagia No. 7 | AB20: Kec. Buahbatu | AC20: 40286 | AD20: 081277773081 | AF20: Yadi Cahyadi | AG20: 1977 | AH20: Nia Purnamasari | AI20: 1981 | AJ20: 7 A
A21: alana090612@gmail.com | B21: Akma Faizia Khaerunnisa | D21: =IF(E21="","",COUNTIF(B:B,E21)) -> 1 | E21: Alea Qurota 'ayun | F21: IX Utsman bin Affan | G21: Sahri Fauzan, S.Pd. | R21: 20 | S21: Alea Izzatunnisa Aurora | T21: 2627005 | U21: P | V21: 3140779867 | W21: Bandung | X21: 2014-03-29 | Y21: 3273136903140002 | Z21: Islam | AA21: Komp. Buana Soetta Residence Blok E No. 4 | AB21: Kec. Gedebage | AD21: 083816338330 | AF21: Agus Rachmat Soleh | AG21: 1977 | AH21: Afriani Samya Nugraha | AI21: 1984 | AJ21: 7 A
A22: kmaaazs111@gmail.com | B22: Akma Faizia Khaerunnisa | D22: =IF(E22="","",COUNTIF(B:B,E22)) -> 1 | E22: Alesha Sabreen Jinca | F22: VII Thalhah bin Ubaidillah | G22: Sahri Fauzan, S.Pd. | R22: 21 | S22: Alea Qurota 'ayun | T22: 2425064 | U22: P | V22: 3119815368 | W22: BANDUNG | X22: 2011-05-04 | Y22: 3273234405110001 | Z22: Islam | AA22: Jl Babakan Wadana | AB22: Kec. Rancasari | AC22: 40292 | AD22: 081806269815 | AE22: iyam15149@gmail.com | AF22: Warmin | AG22: 1974 | AH22: MARYAM | AI22: 1971 | AJ22: 9 A
A23: uno77008@gmail.com | B23: Al Junno Arkaan Kyonando | D23: =IF(E23="","",COUNTIF(B:B,E23)) -> 1 | E23: Alifiandra Daffa Pradipta | F23: VII Abu Bakar Ash-shiddiq | G23: Agus Sayyidul Ayyam, S.Pd. | R23: 22 | S23: Alesha Sabreen Jinca | T23: 2627071 | U23: P | V23: 0143723327 | W23: Bandung | X23: 2014-01-31 | Y23: 3275067101140002 | Z23: Islam | AA23: Grand Sharon Residence Jl. Plumeria 4 No. 21 | AB23: Kec. Rancasari | AC23: 40292 | AD23: 085317800040 | AE23: senojinca@gmail.com | AF23: Antaseno Septian Jinca | AG23: 1986 | AH23: FIFIN ZURAIDAH AL ADAWIYAH | AI23: 1985 | AJ23: 7 C
A24: alana090612@gmail.com | B24: Alana Aisha Fara | D24: =IF(E24="","",COUNTIF(B:B,E24)) -> 1 | E24: Allaric Mahadika Putra Purnama | F24: VIII Abdurrahman bin Auf | G24: Lespi Nurul Izzati, S.Pd. | R24: 23 | S24: ALIFIANDRA DAFFA PRADIPTA | T24: 2627006 | U24: L | V24: 0142168304 | W24: BANDUNG | X24: 2014-01-01 | Y24: 3273230101140002 | Z24: Islam | AA24: JL. DERWATI NO.34 | AB24: Kec. Rancasari | AC24: 40296 | AD24: 081214680314 | AE24: Taniamuthakarina86@gmail.com | AF24: DICKY SETIO BUDI RAHAYU | AG24: 1982 | AH24: TANIA MUTHAKARINA | AI24: 1986 | AJ24: 7 A
A25: niapurnamasari604@gmail.com | B25: Alby Raiki Elfarizi | D25: =IF(E25="","",COUNTIF(B:B,E25)) -> 0 | E25: Allisya Rainafa | F25: IX Ja'far bin Abi Thalib | G25: Sahri Fauzan, S.Pd. | R25: 24 | S25: Allaric Mahadika Putra Purnama | T25: 2526034 | U25: L | V25: 0132962601 | W25: Bandung | X25: 2013-06-16 | Y25: 3273081606130002 | Z25: Islam | AA25: JL. Tmn Merkuri Timur No. 3 U 14 | AB25: Kec. Rancasari | AD25: 087823848989 | AF25: Purnama Alam | AG25: 1985 | AH25: Rizky Fitria Utami Widyodoro | AI25: 1986 | AJ25: 8 B
A26: aleaizzatunnisaurora@gmail.com | B26: Alea Izzatunnisa Aurora | D26: =IF(E26="","",COUNTIF(B:B,E26)) -> 2 | E26: Almira Kinar Larasati | F26: VII Ali bin Abi Thalib | G26: Sabrina Niela Ni'ami, S.Pd. | R26: 25 | S26: Allisya Rainafa | T26: 2425002 | U26: P | V26: 0123947489 | W26: Bandung | X26: 2012-01-05 | Y26: 3273234501120001 | Z26: Islam | AA26: Jl. Saturnus VIII No. 2 Margahayu Raya Bandung | AB26: Kec. Rancasari | AD26: 081394529119 | AF26: DEDI MULYADI | AG26: 1972 | AH26: LIGAR NURINTAN | AI26: 1975 | AJ26: 9 C
A27: leaa89178@gmail.com | B27: Alea Izzatunnisa Aurora | D27: =IF(E27="","",COUNTIF(B:B,E27)) -> 1 | E27: Almira nur syafiya | F27: VII Abu Bakar Ash-shiddiq | G27: Agus Sayyidul Ayyam, S.Pd. | R27: 26 | S27: Almira Kinar Larasati | T27: 2627034 | U27: P | V27: 0148402626 | W27: Banyumas | X27: 2014-11-26 | Y27: 3302226611140002 | Z27: Islam | AA27: Karangtengah | AB27: Kec. Baturaden | AD27: 082322506004 | AF27: Agung Nugroho | AG27: 1989 | AH27: Noer Indah Kumaladewi | AI27: 1989 | AJ27: 7 B
A28: aleaqurotaayun401@gmail.com | B28: Alea Qurota 'ayun | D28: =IF(E28="","",COUNTIF(B:B,E28)) -> 1 | E28: Almira Rahma | F28: VII Ali bin Abi Thalib | G28: Marwan Malik Ibrahim, S.Pd. | R28: 27 | S28: ALMIRA NUR SYAFIYA | T28: 2627007 | U28: P | V28: 0134143714 | W28: BANDUNG | X28: 2013-08-08 | Y28: 3273084808130001 | Z28: Islam | AA28: JALAN NEPTUNUS BARAT III A 29 NO 11 | AB28: Kec. Buahbatu | AC28: 40286 | AD28: 081320528289 | AF28: NARABEL FERDIANTO | AG28: 1987 | AH28: NURWITA WIDYA UTAMI | AI28: 1988 | AJ28: 7 A
A29: aleshasabreen@gmail.com | B29: Alesha Sabreen Jinca | D29: =IF(E29="","",COUNTIF(B:B,E29)) -> 3 | E29: Alya Yustisia Putri Rajamai | F29: VIII Umar bin Khattab | G29: Annida Nurrohmah | R29: 28 | S29: Almira Rahma | T29: 2627035 | U29: P | V29: 0136439945 | W29: Bandung | X29: 2013-09-27 | Y29: 3578066709130003 | Z29: Islam | AA29: Jl. Marga Asri Raya Np.23 Komp. Marga Asri | AB29: Kec. Buahbatu | AD29: 082116698456 | AF29: Rahadian Lingga Pratama | AG29: 1986 | AH29: PUTRI EKA RIZKI SUDARSONO, ST | AI29: 1987 | AJ29: 7 B
A30: ifahdwi04@gmail.com | B30: Alifah Dwi Purwani Widodo | D30: =IF(E30="","",COUNTIF(B:B,E30)) -> 1 | E30: Amanda Meisya Devina Putri | F30: IX Zubair bin Awwam | G30: Sahri Fauzan, S.Pd. | R30: 29 | S30: ALYA YUSTISIA PUTRI RAJAMAI | T30: 2526002 | U30: P | V30: 0123921614 | W30: CIANJUR | X30: 2012-11-19 | Y30: 3203015911120005 | Z30: Islam | AA30: Jl. Pembangunan | AB30: Kec. Tarogong Kidul | AC30: 44151 | AD30: 08179129395 | AF30: ENDRATNO RAJAMAI | AG30: 1976 | AH30: SUSI FATIMAH | AI30: 1976 | AJ30: 8 A
A31: alifiandradaffa01@gmail.com | B31: Alifiandra Daffa Pradipta | D31: =IF(E31="","",COUNTIF(B:B,E31)) -> 2 | E31: Amarra Zulaikha Sakhee | F31: VIII Umar bin Khattab | G31: Muhammad Nurrachman Satrio, S.Pd. | R31: 30 | S31: AMANDA MEISYA DEVINA PUTRI | T31: 2425003 | U31: P | V31: 3114654669 | W31: BANDUNG | X31: 2011-05-25 | Y31: 3273236505110001 | Z31: Islam | AA31: Jl. Saluyu Indah XIX No. 195 | AB31: Kec. Rancasari | AF31: Ade Nana | AG31: 1988 | AH31: NOVI YULIANTI | AI31: 1988 | AJ31: 9 B
A32: alaricmahadika8@gmail.com | B32: Allaric Mahadika Putra Purnama | D32: =IF(E32="","",COUNTIF(B:B,E32)) -> 1 | E32: Amira Ditia Putri Pradani | F32: VIII Abdurrahman bin Auf | G32: Lespi Nurul Izzati, S.Pd. | R32: 31 | S32: Amarra Zulaikha Sakhee | T32: 2526003 | U32: P | V32: 0125167789 | W32: Bandung | X32: 2012-09-05 | Y32: 3273234509120001 | Z32: Islam | AA32: Jl. Mars Barat No. IX No. 9 | AB32: Kec. Rancasari | AD32: 08112200033 | AF32: Ronny Wilman | AG32: 1983 | AH32: Pratiwi Prima Lestari | AI32: 1988 | AJ32: 8 A
A33: almayrakafkamaulani@gmail.com | B33: Almayra Kafka Maulani | D33: =IF(E33="","",COUNTIF(B:B,E33)) -> 2 | E33: Andari Ratu Balqis | F33: VIII Sa'ad Bin Abi Waqqash | G33: Annida Nurrohmah | R33: 32 | S33: Amira Ditia Putri Pradani | T33: 2526035 | U33: P | V33: 3127124828 | W33: Bandung | X33: 2012-11-13 | Y33: 3273225311120002 | Z33: Islam | AA33: Kamarasan Residence C1/1 Buahbatu Bojong Soang Bandung | AB33: Kec. Bojongsoang | AD33: 08157909254 | AF33: Budhi Haryanto | AG33: 1975 | AH33: SETIAWATI,S.SOS | AI33: 1976 | AJ33: 8 B
A34: agung.nug02@gmail.com | B34: Almira Kinar Larasati | D34: =IF(E34="","",COUNTIF(B:B,E34)) -> 0 | E34: Andhika Bramantya Adjie | F34: VIII Abdurrahman bin Auf | G34: Annida Nurrohmah | R34: 33 | S34: Andari Ratu Balqis | T34: 2526068 | U34: P | V34: 0125757838 | W34: Bandung | X34: 2012-11-01 | Y34: 3273234111120002 | Z34: Islam | AA34: Jl. Oliana No. 40 Grand Sharon Residen | AB34: Kec. Rancasari | AC34: 40292 | AD34: 082119631057 | AF34: Erdiansyah Pratama | AG34: 1987 | AH34: Pipit Septiani | AI34: 1987 | AJ34: 8 C
A35: kumaladewinoerindah@gmail.com | B35: Almira Kinar Larasati | D35: =IF(E35="","",COUNTIF(B:B,E35)) -> 2 | E35: Andraka Muhammad Navary | F35: IX Ja'far bin Abi Thalib | G35: Annida Nurrohmah | R35: 34 | S35: ANDHIKA BRAMANTYA ADJIE | T35: 2526036 | U35: L | V35: 0125866341 | W35: BANDUNG | X35: 2012-04-04 | Y35: 3273220404120003 | Z35: Islam | AA35: JL.SATURNUS SELATAN VIII N0.18 | AB35: Kec. Buahbatu | AC35: 40286 | AD35: 081321147570 | AF35: DIMAS PRAMUDITO | AG35: 1980 | AH35: Merina Indriastuti | AI35: 1980 | AJ35: 8 B
A36: almirasyafiya88@gmail.com | B36: Almira nur syafiya | D36: =IF(E36="","",COUNTIF(B:B,E36)) -> 3 | E36: Anggytha Rayhana Putri | F36: VIII Abdurrahman bin Auf | G36: Annida Nurrohmah | R36: 35 | S36: Andraka Muhammad Navary | T36: 2425065 | U36: L | V36: 3122628187 | W36: Bandung | X36: 2012-02-18 | Y36: 3204331802120003 | Z36: Islam | AA36: Komp De Green Grande Blok C-24 | AB36: Kec. Buahbatu | AC36: 40286 | AD36: 08157283058 | AE36: rbroerys@gmail.com | AF36: Ryan Broery Sonitri | AG36: 1983 | AH36: EVA AGUSTINA , SE | AI36: 1983 | AJ36: 9 C
A37: putriekarizki@gmail.com | B37: Almira Rahma | D37: =IF(E37="","",COUNTIF(B:B,E37)) -> 1 | E37: Annasya Hana Fadillah | F37: IX Ja'far bin Abi Thalib | G37: Sahri Fauzan, S.Pd. | R37: 36 | S37: Anggytha Rayhana Putri | T37: 2526037 | U37: P | V37: 0122337417 | W37: Garut | X37: 2012-11-21 | Y37: 3273236111120001 | Z37: Islam | AA37: Komp. Griya Saluyu Blok AA 54 | AB37: Kec. Rancasari | AC37: 40613 | AD37: 082130003919 | AF37: Bobby | AG37: 1985 | AH37: Supriatin | AI37: 1985 | AJ37: 8 B
A38: alhome1912@gmail.com | B38: Alya Yustisia Putri Rajamai | D38: =IF(E38="","",COUNTIF(B:B,E38)) -> 1 | E38: Aqeela Aruna Shanum | F38: VIII Umar bin Khattab | G38: Muhammad Nurrachman Satrio, S.Pd. | R38: 37 | S38: Annasya Hana Fadillah | T38: 2425033 | U38: P | V38: 0116795429 | W38: Bandung | X38: 2011-08-17 | Y38: 3273225708110002 | Z38: Islam | AA38: JL. NEPTUNUS BARAT BLOK A 10 NO. 4 MARGAHAYU RAYA BARAT SEKEJATI BANDUNG | AB38: Kec. Buahbatu | AD38: 089655136953 | AF38: ARIE YULIANSYAH | AG38: 1979 | AH38: SRI MULYASTUTI | AI38: 1982 | AJ38: 9 C
A39: annidanr63@gmail.com | B39: Alya Yustisia Putri Rajamai | D39: =IF(E39="","",COUNTIF(B:B,E39)) -> 0 | E39: Aqiel Harith Adhyastha | F39: VIII Abdurrahman bin Auf | G39: Annida Nurrohmah | R39: 38 | S39: Aqeela Aruna Shanum | T39: 2526004 | U39: P | V39: 3133625687 | W39: Bandung | X39: 2013-04-05 | Y39: 3273234504130001 | Z39: Islam | AA39: JL. Saturnus tengah II No.17 | AB39: Kec. Rancasari | AC39: 40286 | AD39: 081322500088 | AF39: Yayat Supriatna | AG39: 1964 | AH39: Yozie Verra Imelda | AI39: 1977 | AJ39: 8 A
A40: bluerberyy@gmail.com | B40: Alya Yustisia Putri Rajamai | D40: =IF(E40="","",COUNTIF(B:B,E40)) -> 1 | E40: Aqila Shazia Sofyan | F40: VIII Sa'ad Bin Abi Waqqash | G40: Annida Nurrohmah | R40: 39 | S40: AQIEL HARITH ADHYASTHA | T40: 2526038 | U40: L | V40: 3133917955 | W40: Bandung | X40: 2013-05-30 | Y40: 3204283005130001 | Z40: Islam | AA40: Jingga Residence B-14 | AB40: Kec. Rancasari | AD40: 08122303595 | AF40: AJAR DWI HERNOWO | AG40: 1976 | AH40: YASHOUMI SETIATIN | AI40: 1978 | AJ40: 8 B
A41: devinameisya25@gmail.com | B41: Amanda Meisya Devina Putri | D41: =IF(E41="","",COUNTIF(B:B,E41)) -> 1 | E41: Ar Sakha Shouma Purbawasesa | F41: VIII Sa'ad Bin Abi Waqqash | G41: Arai Kurnia Ramadhan | R41: 40 | S41: AQILA SHAZIA SOFYAN | T41: 2526069 | U41: P | V41: 0125305340 | W41: Sleman | X41: 2012-07-17 | Y41: 3404105707120002 | Z41: Islam | AA41: Griya Kuning Asri Blok G No. IIA | AB41: Kec. Buahbatu | AC41: 40286 | AD41: 081392325012 | AF41: SOFYAN ATSAURI | AG41: 1984 | AH41: DWI RIANTI | AI41: 1984 | AJ41: 8 C
A42: amarrazs5912@gmail.com | B42: Amarra Zulaikha Sakhee | D42: =IF(E42="","",COUNTIF(B:B,E42)) -> 1 | E42: Argya Rakha | F42: IX Utsman bin Affan | G42: Sahri Fauzan, S.Pd. | R42: 41 | S42: Ar Sakha Shouma Purbawasesa | T42: 2526070 | U42: L | V42: 3129412135 | W42: Bandung | X42: 2012-07-23 | Y42: 3273052307120002 | Z42: Islam | AA42: Gg Halteu Utara No 187 | AB42: Kec. Andir | AG42: 0 | AH42: Yuta Romadhona | AI42: 1984 | AJ42: 8 C
A43: tatatsuhaety@gmail.com | B43: Amarra Zulaikha Sakhee | D43: =IF(E43="","",COUNTIF(B:B,E43)) -> 2 | E43: Arjuna Rafif Prayata | F43: VII Thalhah bin Ubaidillah | G43: Marwan Malik Ibrahim, S.Pd. | R43: 42 | S43: Argya Rakha | T43: 2425034 | U43: L | V43: 0112625327 | W43: Bandung | X43: 2011-10-08 | Y43: 3273230810110001 | Z43: Islam | AA43: Jl.Santosa Asih I No.35 | AB43: Kec. Rancasari | AC43: 40292 | AD43: 0817223501 | AE43: arifantidewi@gmail.com | AF43: Danny Muharam | AG43: 1979 | AH43: Ari Fanti Dewi | AI43: 1985 | AJ43: 9 A
A44: 4mertayudhistira@gmail.com | B44: Amerta Yudhistira Ferdyan | D44: =IF(E44="","",COUNTIF(B:B,E44)) -> 0 | E44: Arkhan Arshavin Prihusada | F44: IX Ja'far bin Abi Thalib | G44: Sahri Fauzan, S.Pd. | R44: 43 | S44: Arjuna Rafif Prayata | T44: 2627072 | U44: L | V44: 0141635692 | W44: Purwakarta | X44: 2014-06-14 | Y44: 3214011406140001 | Z44: Islam | AA44: - | AB44: Kec. Arcamanik | AC44: 40295 | AD44: 6281809222841 | AG44: 1985 | AH44: Nichi Hana Karlina | AI44: 1985 | AJ44: 7 C
A45: amira.dpp.13@gmail.com | B45: Amira Ditia Putri Pradani | D45: =IF(E45="","",COUNTIF(B:B,E45)) -> 0 | E45: Arsal Ibrahim | F45: IX Ja'far bin Abi Thalib | G45: Bunga Sarah Istiqomah, S.Pd. | R45: 44 | S45: Arkhan Arshavin Prihusada | T45: 2425066 | U45: L | V45: 0126605694 | W45: Bandung | X45: 2012-01-02 | Y45: 3273230201120003 | Z45: Islam | AA45: JL. MERKURI UTARA VIII NO.2 RT02 /03 MARGAHAYU RAYA BANDUNG | AB45: Kec. Rancasari | AD45: 082116979808 | AF45: IWAN PRIHUSADA | AG45: 1973 | AH45: KELI NARTI | AI45: 1979 | AJ45: 9 C
A46: amirazahra2402@gmail.com | B46: Amira Zahra Auliya Rahim | D46: =IF(E46="","",COUNTIF(B:B,E46)) -> 0 | E46: Arsyad Arif Priyanto | F46: IX Utsman bin Affan | G46: Sahri Fauzan, S.Pd. | R46: 45 | S46: Arsal Ibrahim | T46: 2425067 | U46: L | V46: 0125256122 | W46: Bandung | X46: 2012-01-04 | Y46: 3273230401120003 | Z46: Islam | AA46: KOMP. SATURNUS REGENCY 27 JL. MANJAHLEGA RANCASARI BANDUNG | AB46: Kec. Rancasari | AC46: 40292 | AD46: 082121478108 | AE46: Arsalibrahim10@icloud.com | AF46: FEBRIADI ISMAIL | AG46: 1967 | AH46: DAHLIA | AI46: 1980 | AJ46: 9 C
A47: pit566774@gmail.com | B47: Andari Ratu Balqis | D47: =IF(E47="","",COUNTIF(B:B,E47)) -> 1 | E47: Arsyila Izza Syakira | F47: VII Thalhah bin Ubaidillah | G47: Marwan Malik Ibrahim, S.Pd. | R47: 46 | S47: Arsyad Arif Priyanto | T47: 2425068 | U47: L | V47: 0116321149 | W47: Bandung | X47: 2011-11-30 | Y47: 3273223011110001 | Z47: Islam | AA47: Jl. Neptunus Selatan IV Blok K2 No.149 | AB47: Kec. Buahbatu | AC47: 40286 | AD47: 089661919052 | AF47: Lutvi Priyanto | AG47: 1983 | AH47: R.HENNY OCTAVIANY | AI47: 1982 | AJ47: 9 A
A48: piterdi1519@gmail.com | B48: Andari Ratu Balqis | D48: =IF(E48="","",COUNTIF(B:B,E48)) -> 2 | E48: Arumaisha Aulia Cahya | F48: IX Zubair bin Awwam | G48: Bunga Sarah Istiqomah, S.Pd. | R48: 47 | S48: ARSYILA IZZA SYAKIRA | T48: 2627073 | U48: P | V48: 0131201957 | W48: BANDUNG | X48: 2013-10-10 | Y48: 3204095010130001 | Z48: Islam | AA48: DERWATI MAS | AB48: Kec. Rancasari | AF48: VIKKY BERLIAN | AG48: 0 | AH48: RIZKA HIZRIATI HANDAYANI | AI48: 0 | AJ48: 7 C
A49: andrakanavary@gmail.com | B49: Andraka Muhammad Navary | D49: =IF(E49="","",COUNTIF(B:B,E49)) -> 2 | E49: Aslam Farhan Habib | F49: VII Abu Bakar Ash-shiddiq | G49: Agus Sayyidul Ayyam, S.Pd. | R49: 48 | S49: ARUMAISHA AULIA CAHYA | T49: 2425069 | U49: P | V49: 3117989458 | W49: CIAMIS | X49: 2011-07-01 | Y49: 3207034107110002 | Z49: Islam | AA49: Kawistara Residence | AB49: Kec. Rancasari | AC49: 40292 | AD49: 081381952781 | AE49: fauziyah_eva@yahoo.com | AF49: Sanudin | AG49: 1977 | AH49: EVA FAUZIYAH | AI49: 1981 | AJ49: 9 B
A50: annidanr63@gmail.com | B50: Andraka Muhammad Navary | D50: =IF(E50="","",COUNTIF(B:B,E50)) -> 1 | E50: Ataya Raisha Zahia Kudiyatno | F50: IX Utsman bin Affan | G50: Muhammad Nurrachman Satrio, S.Pd. | R50: 49 | S50: ASLAM FARHAN HABIB | T50: 2627008 | U50: L | V50: 0137638139 | W50: NATAR | X50: 2013-09-03 | Y50: 1801040309130002 | Z50: Islam | AA50: - | AB50: Kec. Rancasari | AC50: 40292 | AD50: 6283155680600 | AE50: idaliamelinawati@gmail.com | AG50: 1984 | AH50: IDALIA MELINAWATI | AI50: 1988 | AJ50: 7 A
A51: anggytharayhana2012@gmail.com | B51: Anggytha Rayhana Putri | D51: =IF(E51="","",COUNTIF(B:B,E51)) -> 1 | E51: Athalla Akbar Adiwibawa | F51: VII Abu Bakar Ash-shiddiq | G51: Arai kurnia Ramadhan | R51: 50 | S51: Ataya Raisha Zahia Kudiyatno | T51: 2425005 | U51: P | V51: 0128807819 | W51: Bandung | X51: 2012-07-11 | Y51: 3273205107120001 | Z51: Islam | AA51: JL.PINUS RAYA ADIPURA GEDE BAGE BANDUNG | AB51: Kec. Gedebage | AD51: 082217775678 | AF51: RONNY ADHITAMA KUDIYATNO | AG51: 1986 | AH51: AGIL AYU DESTRIANA | AI51: 1990 | AJ51: 9 A
A52: annidanr63@gmail.com | B52: Anggytha Rayhana Putri | D52: =IF(E52="","",COUNTIF(B:B,E52)) -> 1 | E52: Athallah Wiradiraksa Joeanda | F52: IX Zubair bin Awwam | G52: Muhammad Nurrachman Satrio, S.Pd. | R52: 51 | S52: Athalla Akbar Adiwibawa | T52: 2627009 | U52: L | V52: 0137042522 | W52: Bandung | X52: 2013-08-07 | Y52: 3273230708130002 | Z52: Islam | AA52: Jl. Sharon Timur i No 4 Grand Sharon Residence | AB52: Kec. Rancasari | AC52: 40292 | AD52: 082129172426 | AF52: Mukhammad Satria Adiwibawa | AG52: 1986 | AH52: Ana Karina | AI52: 1985 | AJ52: 7 A
A53: piterdi1519@gmail.com | B53: Anggytha Rayhana Putri | D53: =IF(E53="","",COUNTIF(B:B,E53)) -> 2 | E53: Atharrahman Hilmi | F53: VII Thalhah bin Ubaidillah | G53: Sahri Fauzan, S.Pd. | R53: 52 | S53: Athallah Wiradiraksa Joeanda | T53: 2425035 | U53: L | V53: 0117719024 | W53: Bandung | X53: 2011-03-23 | Y53: 3273082303110001 | Z53: Islam | AA53: JL.SATURNUS TENGAH II NO.6 RT 05 RW 15 MARGAHAYU RAYA BANDUNG | AB53: Kec. Rancasari | AD53: 082218542771 | AF53: FIRMAN JOEANDA | AG53: 1984 | AH53: HESTI JOHAN | AI53: 1983 | AJ53: 9 B
A54: pit566774@gmail.com | B54: Annasya Hana Fadillah | D54: =IF(E54="","",COUNTIF(B:B,E54)) -> 1 | E54: Athifa Nur Fauziyah | F54: VII Ali bin Abi Thalib | G54: Arai kurnia Ramadhan | R54: 53 | S54: Atharrahman Hilmi | T54: 2627074 | U54: L | V54: 0147723371 | W54: Bandung | X54: 2013-10-05 | Y54: 3273230510130003 | Z54: Islam | AA54: Jl. Merkuri Utara X no. 8 | AB54: Kec. Rancasari | AC54: 40286 | AD54: 081910004048 | AE54: dintce@gmail.com | AF54: Faisal Helmi | AG54: 1978 | AH54: Andini Wulandari | AI54: 1979 | AJ54: 7 C
A55: aqeelaaruna54@gmail.com | B55: Aqeela Aruna Shanum | D55: =IF(E55="","",COUNTIF(B:B,E55)) -> 1 | E55: Audrey Al-Fattah Gunawan | F55: VII Abu Bakar Ash-shiddiq | G55: Agus Sayyidul Ayyam, S.Pd. | R55: 54 | S55: Athifa Nur Fauziyah | T55: 2627036 | U55: P | V55: 0135905320 | W55: Bandung | X55: 2013-08-26 | Y55: 3273236608130003 | Z55: Islam | AA55: Jl. Baturaden IV/19 | AB55: Kec. Rancasari | AC55: 40292 | AD55: 081572738012 | AE55: idafaridahsp@gmail.com | AF55: R. Akhmad Asyari | AG55: 1973 | AH55: Faridah | AI55: 1979 | AJ55: 7 B
A56: aqila.shazia.sofyan@gmail.com | B56: Aqila Shazia Sofyan | D56: =IF(E56="","",COUNTIF(B:B,E56)) -> 2 | E56: Avika Nabila Danesha | F56: IX Ja'far bin Abi Thalib | G56: Bunga Sarah Istiqomah, S.Pd. | R56: 55 | S56: Audrey Al-Fattah Gunawan | T56: 2627010 | U56: P | V56: 0149297218 | W56: Bandung | X56: 2014-04-11 | Y56: 3273275104140001 | Z56: Islam | AA56: PERUM TANJUNG INDAH | AB56: Kec. Tarogong Kaler | AC56: 44151 | AD56: 081223864383 | AF56: Tommy Reza Kristianto Gunawan | AG56: 1987 | AH56: Dhaifina Noor Sabrina | AI56: 1989 | AJ56: 7 A
A57: romadhona.yuta@gmail.com | B57: Ar Sakha Shouma Purbawasesa | D57: =IF(E57="","",COUNTIF(B:B,E57)) -> 1 | E57: Ayma Azzahra Ramadhanti | F57: VIII Umar bin Khattab | G57: Muhammad Nurrachman Satrio, S.Pd. | R57: 56 | S57: Avika Nabila Danesha | T57: 2425070 | U57: P | V57: 3124741561 | W57: Jakarta | X57: 2012-04-09 | Y57: 3673014409120005 | Z57: Islam | AA57: Taman Lopang Indah Blok C 17 No 07 Serang | AB57: Kec. Serang | AD57: 081286197827 | AF57: Pomi Riana | AH57: Wahyu Widayati | AJ57: 9 C
A58: argyarakha10@gmail.com | B58: Argya Rakha | D58: =IF(E58="","",COUNTIF(B:B,E58)) -> 1 | E58: Azhar Alfatih Avicenna | F58: VII Abu Bakar Ash-shiddiq | G58: Lespi Nurul izzati, S.Ag. | R58: 57 | S58: Ayma Azzahra Ramadhanti | T58: 2526005 | U58: P | V58: 3125328993 | W58: Bandung | X58: 2012-08-13 | Y58: 3273235308120002 | Z58: Islam | AA58: Graha Batu Karang Blok Z.3 No.32 | AB58: Kec. Rancasari | AC58: 40292 | AD58: 081321929820 | AF58: Pratama Maulidyawanto | AG58: 1983 | AH58: Sri Rahayu Mustika Sari | AI58: 1983 | AJ58: 8 A
A59: hanakarlinanichi@gmail.com | B59: Arjuna Rafif Prayata | D59: =IF(E59="","",COUNTIF(B:B,E59)) -> 2 | E59: Aziizah Shaafiyah Brilian | F59: IX Zubair bin Awwam | G59: Bunga Sarah Istiqomah, S.Pd. | R59: 58 | S59: AZHAR ALFATIH AVICENNA | T59: 2627011 | U59: L | V59: 3133325624 | W59: BANDUNG | X59: 2013-07-22 | Y59: 3273232207130005 | Z59: Islam | AA59: JL. RIUNG HEGAR RAYA NO 6 | AB59: Kec. Rancasari | AC59: 40292 | AD59: 085722076179 | AE59: avicennalausa@gmail.com | AF59: MUDRIKAH | AG59: 1978 | AH59: LIA KAMALIA | AI59: 1986 | AJ59: 7 A
A60: nichi08hana@gmail.com | B60: Arjuna Rafif Prayata | D60: =IF(E60="","",COUNTIF(B:B,E60)) -> 1 | E60: Azizan Maulana Adri | F60: VII Abu Bakar Ash-shiddiq | G60: Lespi Nurul izzati, S.Ag. | R60: 59 | S60: AZIIZAH SHAAFIYAH BRILIAN | T60: 2425036 | U60: P | V60: 3127832976 | W60: BANDUNG | X60: 2012-08-04 | Y60: 3273274408120002 | Z60: Islam | AA60: Jl. Pinus VI No.20 Adipura | AB60: Kec. Gedebage | AC60: 40294 | AD60: 081373099853 | AE60: alexlpph09@gmail.com | AF60: Alex Edward | AG60: 1983 | AH60: IIN PARLINA | AI60: 1985 | AJ60: 9 B
A61: arsyadalfikri70@gmail.com | B61: Arsyad Alfikri Firmansyah | D61: =IF(E61="","",COUNTIF(B:B,E61)) -> 1 | E61: Azkayra Iftina Harahap | F61: VII Ali bin Abi Thalib | G61: Marwan Malik Ibrahim, S.Pd. | R61: 60 | S61: AZIZAN MAULANA ADRI | T61: 2627012 | U61: L | V61: 0139895141 | W61: BANDUNG | X61: 2013-12-09 | Y61: 3273230912130002 | Z61: Islam | AA61: JL. JINGGA RESIDEN B 15 CIWASTRA | AB61: Kec. Rancasari | AC61: 40613 | AD61: 082130675113 | AE61: weriyanti@gmail.com | AF61: Adang Mulyana | AG61: 1974 | AH61: WERIYANTI | AI61: 1980 | AJ61: 7 A
A62: jeuljejeuul@gmail.com | B62: Arsyila Izza Syakira | D62: =IF(E62="","",COUNTIF(B:B,E62)) -> 2 | E62: Azkhia Shanianti Amry | F62: VII Abu Bakar Ash-shiddiq | G62: Sabrina Niela Ni'ami, S.Pd. | R62: 61 | S62: Azkayra Iftina Harahap | T62: 2627037 | U62: P | V62: 3122748220 | W62: Bandung | X62: 2012-12-07 | Y62: 3273274712120003 | Z62: Islam | AA62: Aspol Pusdikmin Jl. Gede bage selatan no. 157 Bdg 40295 | AB62: Kec. Gedebage | AC62: 40295 | AD62: 089606353555 | AF62: Parlindungan | AG62: 1976 | AH62: Ayu Aprilia Putri | AI62: 1984 | AJ62: 7 B
A63: arumaishaaulia2011@gmail.com | B63: Arumaisha Aulia Cahya | D63: =IF(E63="","",COUNTIF(B:B,E63)) -> 1 | E63: Azkiya Noura Sachi | F63: VII Ali bin Abi Thalib | G63: Marwan Malik Ibrahim, S.Pd. | R63: 62 | S63: Azkhia Shanianti Amry | T63: 2627013 | U63: P | V63: 0139387933 | W63: Bandung | X63: 2013-11-12 | Y63: 3273225211130002 | Z63: Islam | AA63: Jl. Neptunus Raya blok K-2 no.94a, | AB63: Kec. Ujungberung | AC63: 40619 | AD63: 081220775396 | AF63: Amry Anton | AG63: 1981 | AH63: Ratna Antikasari | AI63: 1981 | AJ63: 7 A
A64: evafauziyah2403@gmail.com | B64: Arumaisha Aulia Cahya | D64: =IF(E64="","",COUNTIF(B:B,E64)) -> 1 | E64: Aznii Kasmira Alesha | F64: VII Ali bin Abi Thalib | G64: Arai kurnia Ramadhan | R64: 63 | S64: AZKIYA NOURA SACHI | T64: 2627038 | U64: P | V64: 0137146839 | W64: BANDUNG | X64: 2013-12-11 | Y64: 3277025112130003 | Z64: Islam | AA64: Perumahan Imperial Ciwastra Residence No. C6 | AB64: Kec. Rancasari | AD64: 081809014484 | AF64: AMBANG SAGITA | AG64: 1982 | AH64: DINA RAHAYU | AI64: 1984 | AJ64: 7 B
A65: athallahriegel@gmail.com | B65: Aryza Riegel Athallah | D65: =IF(E65="","",COUNTIF(B:B,E65)) -> 2 | E65: Azzaara Dearly Maileeqa | F65: VII Abu Bakar Ash-shiddiq | G65: Sabrina Niela Ni'ami, S.Pd. | R65: 64 | S65: AZNII KASMIRA ALESHA | T65: 2627039 | U65: P | V65: 3132708868 | W65: BANDUNG | X65: 2013-11-20 | Y65: 3204086011130004 | Z65: Islam | AA65: KOMP. GBI I1 NO 75 | AB65: Kec. Bojongsoang | AD65: 081321865270 | AF65: HERI SUPRIYANTO | AG65: 1973 | AH65: ADE OCTAVIANI | AI65: 1979 | AJ65: 7 B
A66: aslamfarhanhabib@gmail.com | B66: Aslam Farhan Habib | D66: =IF(E66="","",COUNTIF(B:B,E66)) -> 2 | E66: Bagja Sumaatmadja | F66: VIII Sa'ad Bin Abi Waqqash | G66: Nurul Lespi Izzati, S.Ag. | R66: 65 | S66: Azzaara Dearly Maileeqa | T66: 2627014 | U66: P | V66: 3138865232 | W66: Bandung | X66: 2013-06-11 | Y66: 3273225106130003 | Z66: Islam | AA66: Jl Pluto Utara VIII No 10 | AB66: Kec. Buahbatu | AF66: Dadang Arifin | AG66: 1977 | AH66: Irma Febrianti | AI66: 1983 | AJ66: 7 A
A67: aslamlambung85@gmail.com | B67: Aslam Farhan Habib | D67: =IF(E67="","",COUNTIF(B:B,E67)) -> 1 | E67: Baiza Zi Putri Cahyadi | F67: IX Zubair bin Awwam | G67: Muhammad Nurrachman Satrio, S.Pd. | R67: 66 | S67: Bagja Sumaatmadja | T67: 2526071 | U67: L | V67: 0121231844 | W67: Bandung | X67: 2012-03-27 | Y67: 3204252703120004 | Z67: Islam | AA67: Jl. Merkuri Indah Timur No. 5 Margahayu Raya | AB67: Kec. Rancasari | AC67: 40286 | AD67: 082120000351 | AF67: Bobby Erlangga | AG67: 1984 | AH67: Tessa Ramdani | AI67: 1984 | AJ67: 8 C
A68: annidanr63@gmail.com | B68: Assyifa Adelia Renika Putri | D68: =IF(E68="","",COUNTIF(B:B,E68)) -> 3 | E68: Barra Sofyan Athalla Azis | F68: VIII Umar bin Khattab | G68: Annida Nurrohmah | R68: 67 | S68: BAIZA ZI PUTRI CAHYADI | T68: 2425006 | U68: P | V68: 0128897497 | W68: Bandung | X68: 2011-12-16 | Y68: 3273275612110001 | Z68: Islam | AA68: Bumi Adipura Jl. Cemara Blok E16 | AB68: Kec. Gedebage | AD68: 081224405887 | AF68: HENDRA CAHYADI | AG68: 1978 | AH68: Erika Wulandari | AI68: 1980 | AJ68: 9 B
A69: atayaraisha11@gmail.com | B69: Ataya Raisha Zahia Kudiyatno | D69: =IF(E69="","",COUNTIF(B:B,E69)) -> 2 | E69: Bima Arsathya Ibrahim | F69: VII Ali bin Abi Thalib | G69: Arai kurnia Ramadhan | R69: 68 | S69: Barra Sofyan Athalla Azis | T69: 2526006 | U69: L | V69: 0123947056 | W69: Bandung | X69: 2012-12-08 | Y69: 3374060812120005 | Z69: Islam | AA69: Plumeria III no 15 | AB69: Kec. Rancasari | AC69: 40292 | AD69: 081901907988 | AE69: fajar.wijayanti11@gmail.com | AF69: Wan Syarifudin Azis | AG69: 1985 | AH69: Fajar Wijayanti | AI69: 1987 | AJ69: 8 A
A70: ananulz@gmail.com | B70: Athalla Akbar Adiwibawa | D70: =IF(E70="","",COUNTIF(B:B,E70)) -> 2 | E70: Bima Chandra | F70: VIII Sa'ad Bin Abi Waqqash | G70: Arai Kurnia Ramadhan | R70: 69 | S70: BIMA ARSATHYA IBRAHIM | T70: 2627040 | U70: L | V70: 0142519371 | W70: Tangerang | X70: 2014-02-04 | Y70: 3273280402140003 | Z70: Islam | AA70: Komp. Grand UjungBerung Residence A12 | AB70: Kec. Panyileukan | AD70: 081312428448 | AF70: topan taopeq | AG70: 1986 | AH70: herlina putri herlistiyanti | AI70: 1987 | AJ70: 7 B
A71: athallah.w.joeanda@gmail.com | B71: Athallah Wiradiraksa Joeanda | D71: =IF(E71="","",COUNTIF(B:B,E71)) -> 1 | E71: Calista Athaya Sahruna | F71: VII Ali bin Abi Thalib | G71: Lespi Nurul izzati, S.Ag. | R71: 70 | S71: BIMA CHANDRA | T71: 2526072 | U71: L | V71: 3131096550 | W71: Bandung | X71: 2013-04-28 | Y71: 3204082804130001 | Z71: Islam | AA71: Pesona ciwastra village blok G No. 8 | AB71: Kec. Bojongsoang | AD71: 083829161376 | AF71: AMAS | AG71: 1973 | AH71: ITA MASITA,SE | AI71: 1976 | AJ71: 8 C
A72: athrhilmi@gmail.com | B72: Atharrahman Hilmi | D72: =IF(E72="","",COUNTIF(B:B,E72)) -> 0 | E72: Calista Serafina Izzatunisa | F72: VII Thalhah bin Ubaidillah | G72: Sahri Fauzan, S.Pd. | R72: 71 | S72: CALISTA ATHAYA SAHRUNA | T72: 2627041 | U72: P | V72: 0148371091 | W72: BANDUNG | X72: 2014-02-18 | Y72: 3273235802140001 | Z72: Islam | AA72: RIUNG MUKTI NO 23 | AB72: Kec. Gedebage | AC72: 40295 | AD72: 081809075769 | AF72: MUHAMMAD SAHRUNA | AG72: 1979 | AH72: GITA RAHMAWATI | AI72: 1981 | AJ72: 7 B
A73: dintce@gmail.com | B73: Atharrahman Hilmi | D73: =IF(E73="","",COUNTIF(B:B,E73)) -> 3 | E73: Callysta Haiyun Sahira | F73: VIII Sa'ad Bin Abi Waqqash | G73: Annida Nurrohmah | R73: 72 | S73: CALISTA SERAFINA IZZATUNISA | T73: 2627075 | U73: P | V73: 3131386554 | W73: Bandung | X73: 2013-09-28 | Y73: 3273016809130004 | Z73: Islam | AA73: Dr. Setiabudhi n0.297 | AB73: Kec. Sukasari | AC73: 40154 | AD73: 083821382888 | AF73: Mohamad Sugiri | AG73: 1980 | AH73: ANISA FITRI | AI73: 1980 | AJ73: 7 C
A74: archinoooe@gmail.com | B74: Athifa Nur Fauziyah | D74: =IF(E74="","",COUNTIF(B:B,E74)) -> 1 | E74: Ceisya Azzahra Putri Setiady | F74: VIII Sa'ad Bin Abi Waqqash | G74: Nurul Lespi Izzati, S.Ag. | R74: 73 | S74: CALLYSTA HAIYUN SAHIRA | T74: 2526073 | U74: P | V74: 3134893425 | W74: BANDUNG | X74: 2013-02-15 | Y74: 3273235502130001 | Z74: Islam | AA74: KOMP. CIPAGANTI RAHAYU REGENCY C-10 | AB74: Kec. Rancasari | AC74: 40613 | AD74: 08112339700 | AF74: LUKMAN HIDAYAT, SE. | AG74: 1977 | AH74: ROSARIA KESUMA DEWI | AI74: 1978 | AJ74: 8 C
A75: audreyalfattahgunawan@gmail.com | B75: Audrey Al-Fattah Gunawan | D75: =IF(E75="","",COUNTIF(B:B,E75)) -> 1 | E75: Dafina Azura Ziva | F75: VII Ali bin Abi Thalib | G75: Lespi Nurul izzati, S.Ag. | R75: 74 | S75: Ceisya Azzahra Putri Setiady | T75: 2526074 | U75: P | V75: 0139816669 | W75: Bandung | X75: 2013-03-24 | Y75: 3273236403130001 | Z75: Islam | AA75: Jl. Mars Barat VII No. 11 | AB75: Kec. Rancasari | AD75: 081321109886 | AF75: Tri Setiady | AG75: 1987 | AH75: Moya Nurmelinda | AI75: 1987 | AJ75: 8 C
A76: an.danesha94@gmail.com | B76: Avika Nabila Danesha | D76: =IF(E76="","",COUNTIF(B:B,E76)) -> 1 | E76: Danish Malik Arrahman | F76: IX Utsman bin Affan | G76: Sahri Fauzan, S.Pd. | R76: 75 | S76: DAFINA AZURA ZIVA | T76: 2627042 | U76: P | V76: 0134021681 | W76: SUKABUMI | X76: 2013-07-28 | Y76: 3273236807130003 | Z76: Islam | AA76: Grand Saluyu Regency B3 | AB76: Kec. Rancasari | AC76: 40292 | AD76: 082214163706 | AE76: ernafatria@gmail.com | AF76: FATRIA YUSDIANA | AG76: 1984 | AH76: ERNA YUNIAWATY | AI76: 1987 | AJ76: 7 B
A77: sayyiddays1984@gmail.com | B77: Avika Nabila Danesha | D77: =IF(E77="","",COUNTIF(B:B,E77)) -> 1 | E77: Daniswara Ahsan Priendra | F77: VIII Umar bin Khattab | G77: Sabrina Niela Ni'ami, S.Pd. | R77: 76 | S77: DANISH MALIK ARRAHMAN | T77: 2425007 | U77: L | V77: 0122191406 | W77: Bandar Lampung | X77: 2011-07-12 | Y77: 3271041207120009 | Z77: Islam | AA77: Jl Perintis Kemerdekaan GG Pusri I No.59 | AB77: Kec. Tanjung Karang Timur | AD77: 081808806795 | AE77: tinasyahdani05@yahoo.com | AF77: SYAHDANI SYAHMIRMAN | AG77: 1963 | AH77: Sri Agustina | AI77: 1975 | AJ77: 9 A
A78: ayma.doc13@gmail.com | B78: Ayma Azzahra Ramadhanti | D78: =IF(E78="","",COUNTIF(B:B,E78)) -> 1 | E78: Darren Aldrien Calief Aridihardja | F78: VII Ali bin Abi Thalib | G78: Marwan Malik Ibrahim, S.Pd. | R78: 77 | S78: DANISWARA AHSAN PRIENDRA | T78: 2526007 | U78: L | V78: 0126086376 | W78: BANDUNG | X78: 2012-11-12 | Y78: 3273231211120005 | Z78: Islam | AA78: The Billabong Soeta Jl. Jimbaran Blok C 33 | AB78: Kec. Gedebage | AC78: 40295 | AD78: 082117836031 | AE78: andhian-85@gmail.com | AF78: WISMA RUMEKSO | AG78: 1986 | AH78: IKA SWASTIKA ANDHIAN | AI78: 1985 | AJ78: 8 A
A79: avicennalausa@gmail.com | B79: Azhar Alfatih Avicenna | D79: =IF(E79="","",COUNTIF(B:B,E79)) -> 1 | E79: Davina Kyla Mahsa | F79: VII Thalhah bin Ubaidillah | G79: Marwan Malik Ibrahim, S.Pd. | R79: 78 | S79: DARREN ALDRIEN CALIEF ARIDIHARDJA | T79: 2627043 | U79: L | V79: 0148346988 | W79: BANDUNG | X79: 2014-01-24 | Y79: 3204092401140002 | Z79: Islam | AA79: Buana Ciwastra Residence Blok B3 No.12 | AB79: Kec. Buahbatu | AC79: 40285 | AD79: 081320575176 | AF79: VIRGYSABRIAN ALBAR ARIDIHARJA | AG79: 1982 | AH79: RIRIN RIANI LUDISA | AI79: 1984 | AJ79: 7 B
A80: aziizah103@gmail.com | B80: Aziizah Shaafiyah Brilian | D80: =IF(E80="","",COUNTIF(B:B,E80)) -> 1 | E80: Deefa Quaneisha Qabila | F80: VIII Abdurrahman bin Auf | G80: Arai Kurnia Ramadhan | R80: 79 | S80: Davina Kyla Mahsa | T80: 2627076 | U80: P | V80: 3142950811 | W80: Depok | X80: 2014-02-26 | Y80: 3276016602140005 | Z80: Islam | AA80: Perumahan Grand Sharon Residen, Jl. Plumeria 4 no 33 | AB80: Kec. Rancasari | AC80: 40292 | AD80: 081519648268 | AF80: Moch Mimbar | AG80: 1975 | AH80: Sutarsih | AI80: 1979 | AJ80: 7 C
A81: aziizahliash@gmail.com | B81: Aziizah Shaafiyah Brilian | D81: =IF(E81="","",COUNTIF(B:B,E81)) -> 2 | E81: Desfara Ayatul Husna | F81: VIII Umar bin Khattab | G81: Sabrina Niela Ni'ami, S.Pd. | R81: 80 | S81: Deefa Quaneisha Qabila | T81: 2526039 | U81: P | V81: 0121887319 | W81: Bandung | X81: 2012-11-23 | Y81: 3273236311120001 | Z81: Islam | AA81: Jl. Saturnus utara XV No. 18 | AB81: Kec. Rancasari | AD81: 081284450384 | AF81: Yogi Yugasmana | AG81: 1980 | AH81: Shellita Melanie Astuti Setiawan | AI81: 1979 | AJ81: 8 B
A82: weriyanti@gmail.com | B82: Azizan Maulana Adri | D82: =IF(E82="","",COUNTIF(B:B,E82)) -> 1 | E82: Dhabit Faiq Al Gani | F82: VII Abu Bakar Ash-shiddiq | G82: Lespi Nurul izzati, S.Ag. | R82: 81 | S82: DESFARA AYATUL HUSNA | T82: 2526008 | U82: P | V82: 0121707270 | W82: BANDUNG | X82: 2012-12-19 | Y82: 3273235912120002 | Z82: Islam | AA82: Jl. SALUYU XIV B N0. 348/A | AB82: Kec. Rancasari | AC82: 40292 | AD82: 081320992255 | AE82: ummi.zanera@gmail.com | AF82: Peri Kuswana | AG82: 1976 | AH82: IIS TUTY YUNINGSIH | AI82: 1979 | AJ82: 8 A
A83: diciaz09@gmail.com | B83: Azka Lenita Zhafirah | D83: =IF(E83="","",COUNTIF(B:B,E83)) -> 1 | E83: Dhafin Athallah Wijaya | F83: IX Zubair bin Awwam | G83: Sahri Fauzan, S.Pd. | R83: 82 | S83: DHABIT FAIQ AL GHANI | T83: 2627015 | U83: L | V83: 0139455799 | W83: BANDUNG | X83: 2013-11-18 | Y83: 3273231811130002 | Z83: Islam | AA83: - | AB83: Kec. Rancasari | AC83: 40292 | AD83: 6283155680485 | AE83: neizLisnawati512328@gmail.com | AG83: 1973 | AH83: ITA HITAYATI | AI83: 1973 | AJ83: 7 A
A84: ayrasigma81@gmail.com | B84: Azkayra Iftina Harahap | D84: =IF(E84="","",COUNTIF(B:B,E84)) -> 1 | E84: Dhyannisa Mutiarani Lesmana | F84: IX Zubair bin Awwam | G84: Bunga Sarah Istiqomah, S.Pd. | R84: 83 | S84: DHAFIN ATHALLAH WIJAYA | T84: 2425008 | U84: L | V84: 0124331553 | W84: BANDUNG | X84: 2011-12-30 | Y84: 3310033012110004 | Z84: Islam | AA84: Komplek Bandung Indah Raya Blok C-8 No.1 | AB84: Kec. Rancasari | AC84: 40613 | AD84: 0895330783484 | AE84: dhatindhatin38@gmail.com | AF84: EKO NUGROHO APRIYANTO | AG84: 1968 | AH84: ARI ROSITA WIJAYANTI | AI84: 1978 | AJ84: 9 B
A85: azkhiaamry@gmail.com | B85: Azkhia Shanianti Amry | D85: =IF(E85="","",COUNTIF(B:B,E85)) -> 0 | E85: Dria Humaira Dzuria Qurrata A'yun | F85: IX Ja'far bin Abi Thalib | G85: Annida Nurrohmah | R85: 84 | S85: Dhyannisa Mutiarani Lesmana | T85: 2425037 | U85: P | V85: 0128712782 | W85: Bandung | X85: 2012-06-12 | Y85: 3273225206120001 | Z85: Islam | AA85: JL.PLUTO UTARA NO 9 MARGAHAYU RAYA BANDUNG | AB85: Kec. Buahbatu | AD85: 087777105026 | AF85: HARRY LESMANA | AG85: 1979 | AH85: INDRIANA | AI85: 1979 | AJ85: 9 B
A86: ratnaantikasari1981@gmail.com | B86: Azkhia Shanianti Amry | D86: =IF(E86="","",COUNTIF(B:B,E86)) -> 1 | E86: Dzaky Alrizkie Ergiansyah | F86: VIII Umar bin Khattab | G86: Sabrina Niela Ni'ami, S.Pd. | R86: 85 | S86: DRIA HUMAIRA DZURIA QURRATA A'YUN | T86: 2425071 | U86: P | V86: 0122825608 | W86: Banjarmasin | X86: 2012-09-11 | Y86: 6371015109120003 | Z86: Islam | AA86: Jl. Plumeria IV No. 12 Grand Sharon Residence | AB86: Kec. Rancasari | AC86: 40292 | AD86: 081348718899 | AE86: kusumaaira227@gmail.com | AF86: HENDRI KUSUMA | AG86: 1973 | AH86: HEIRIAH | AI86: 1975 | AJ86: 9 C
A87: dinarahayu0107@gmail.com | B87: Azkiya Noura Sachi | D87: =IF(E87="","",COUNTIF(B:B,E87)) -> 1 | E87: El Galuh Gadiza Nareswari | F87: VIII Abdurrahman bin Auf | G87: Arai Kurnia Ramadhan | R87: 86 | S87: DZAKY ALRIZKIE ERGIANSYAH | T87: 2526009 | U87: L | V87: 3127034670 | W87: Bandung | X87: 2012-05-29 | Y87: 3214012905120007 | Z87: Islam | AA87: Komplek Griya Bandung Indah Blok H2 No. 1E | AB87: Kec. Bojongsoang | AC87: 40287 | AD87: 087887883788 | AE87: Desti8888@gmail.com | AF87: WASKI | AG87: 1977 | AH87: DESTI SUSILOWATI | AI87: 1976 | AJ87: 8 A
A88: heri.supri0231@gmail.com | B88: Aznii Kasmira Alesha | D88: =IF(E88="","",COUNTIF(B:B,E88)) -> 2 | E88: Elena Fazia Ramdhani | F88: VIII Sa'ad Bin Abi Waqqash | G88: Arai Kurnia Ramadhan | R88: 87 | S88: EL GALUH GADIZA NARESWARI | T88: 2526040 | U88: P | V88: 0127668727 | W88: Mataram | X88: 2012-07-22 | Y88: 3273226207120003 | Z88: Islam | AA88: Komp. Buana Ciwastra Blok D1/34 | AB88: Kec. Buahbatu | AC88: 40286 | AD88: 081227737059 | AF88: ELOM SUPRIATNO | AG88: 1975 | AH88: NINIK MURYANTI | AI88: 1981 | AJ88: 8 B
A89: zaaradearly@gmail.com | B89: Azzaara Dearly Maileeqa | D89: =IF(E89="","",COUNTIF(B:B,E89)) -> 1 | E89: Evra Elya Najma Aris | F89: VIII Abdurrahman bin Auf | G89: Lespi Nurul Izzati, S.Pd. | R89: 88 | S89: ELENA FAZIA RAMDHANI | T89: 2526075 | U89: P | V89: 0129313468 | W89: BANDUNG | X89: 2012-09-29 | Y89: 3273226909120002 | Z89: Islam | AA89: TAMAN PERSADA ASRI 2 BLOK VI NO.5 | AB89: Kec. Buahbatu | AD89: 0811217617 | AF89: TEUKU DHANI AL RAMDHANI | AG89: 1980 | AH89: DWI MEYTIAWATI | AI89: 1980 | AJ89: 8 C
A90: zaaramaiqa@gmail.com | B90: Azzaara Dearly Maileeqa | D90: =IF(E90="","",COUNTIF(B:B,E90)) -> 1 | E90: Faadhillah Azwa Rafisonia | F90: VIII Umar bin Khattab | G90: Agus Sayyidul Ayyam, S.Pd. | R90: 89 | S90: EVRA ELYA NAJMA ARIS | T90: 2526041 | U90: P | V90: 0137002784 | W90: BANDUNG | X90: 2013-02-13 | Y90: 3273235302130001 | Z90: Islam | AA90: SALUYU XIIIA NO.22 | AB90: Kec. Rancasari | AC90: 40292 | AD90: 081320421550 | AF90: ARIS MUJI PAMUNGKAS | AG90: 1980 | AH90: DINA SETYANINGSIH | AI90: 1979 | AJ90: 8 B
A91: bagja2727@gmail.com | B91: Bagja Sumaatmadja | D91: =IF(E91="","",COUNTIF(B:B,E91)) -> 0 | E91: Fabian Ahza Wiratama | F91: VII Ali bin Abi Thalib | G91: Marwan Malik Ibrahim, S.Pd. | R91: 90 | S91: Faadhillah Azwa Rafisonia | T91: 2526010 | U91: P | V91: 3133512390 | W91: Bekasi | X91: 2013-04-13 | Y91: 3275035304130006 | Z91: Islam | AA91: Pondok Ungu Permai A 7 No. 8 | AB91: Kec. Buahbatu | AD91: 081779451590 | AG91: 1978 | AH91: Rafika Putri Taurisia | AI91: 1986 | AJ91: 8 A
A92: tessaramdani17@gmail.com | B92: Bagja Sumaatmadja | D92: =IF(E92="","",COUNTIF(B:B,E92)) -> 1 | E92: Fabian Al-Farabi Putra Purnama | F92: IX Zubair bin Awwam | G92: Sahri Fauzan, S.Pd. | R92: 91 | S92: FABIAN AHZA WIRATAMA | T92: 2627044 | U92: L | V92: 0149125968 | W92: SUNGAI PENUH | X92: 2014-05-10 | Y92: 1572031005140001 | Z92: Islam | AA92: JLN. MH. THAMRIN | AB92: Kec. Hamparan Rawang | AC92: 37112 | AD92: 082280445159 | AF92: FETRIZAL S | AG92: 1988 | AH92: RIRIN YEFATIKA SARI | AI92: 1990 | AJ92: 7 B
A93: zizibaiza@gmail.com | B93: Baiza Zi Putri Cahyadi | D93: =IF(E93="","",COUNTIF(B:B,E93)) -> 1 | E93: Fabio Arfa Nurjaman | F93: IX Zubair bin Awwam | G93: Marwan Malik Ibrahim, S.Pd. | R93: 92 | S93: Fabian Al-Farabi Putra Purnama | T93: 2425038 | U93: L | V93: 0119830640 | W93: Bandung | X93: 2011-11-27 | Y93: 3273082711110001 | Z93: Islam | AA93: JL.TMN MERKURI TIMUR BLOK U 14 NO.3 MARGAHAYU RAYA BANDUNG | AB93: Kec. Rancasari | AD93: 087823848989 | AF93: PURNAMA ALAM | AG93: 1985 | AH93: RIZKY FITRIA UTAMI WIDYODORO | AI93: 1986 | AJ93: 9 B
A94: 1207danish@gmail.com | B94: Barra Sofyan Athalla Azis | D94: =IF(E94="","",COUNTIF(B:B,E94)) -> 1 | E94: Fadhli Rafif Fadhlullah | F94: VIII Abdurrahman bin Auf | G94: Arai Kurnia Ramadhan | R94: 93 | S94: FABIO ARFA NURJAMAN | T94: 2425039 | U94: L | V94: 0114980027 | W94: PURWAKARTA | X94: 2011-12-01 | Y94: 3214010112110001 | Z94: Islam | AA94: Graha Ciseureuh B.17 | AB94: Kec. Purwakarta | AD94: 082249030707 | AF94: FERRY NURJAMAN | AG94: 1981 | AH94: SUZAN INDIRA GANDHI | AI94: 1981 | AJ94: 9 B
A95: annidanr63@gmail.com | B95: Barra Sofyan Athalla Azis | D95: =IF(E95="","",COUNTIF(B:B,E95)) -> 1 | E95: Faeyza Akhtar Wardana | F95: IX Ja'far bin Abi Thalib | G95: Bunga Sarah Istiqomah, S.Pd. | R95: 94 | S95: FADHLI RAFIF FADHLULLAH | T95: 2526042 | U95: L | V95: 0132011840 | W95: Bandung | X95: 2013-04-20 | Y95: 3273222004130004 | Z95: Islam | AA95: Jl. Marga Asri Raya No. 21 | AB95: Kec. Buahbatu | AC95: 40287 | AD95: 082112112636 | AF95: IRMAN SUKANDAR | AG95: 1981 | AH95: YUSI SUSILAWATI | AI95: 1981 | AJ95: 8 B
A96: barra.sofyan@gmail.com | B96: Barra Sofyan Athalla Azis | D96: =IF(E96="","",COUNTIF(B:B,E96)) -> 1 | E96: Faeyza Akhtar Zeandhi | F96: VII Abu Bakar Ash-shiddiq | G96: Arai kurnia Ramadhan | R96: 95 | S96: FAEYZA AKHTAR WARDANA | T96: 2425009 | U96: L | V96: 0117969721 | W96: BANDUNG | X96: 2011-07-02 | Y96: 3273260207110003 | Z96: Islam | AA96: KOMP. MARGAHAYU RAYA BARAT VIII AII 15 | AB96: Kec. Buahbatu | AC96: 40286 | AD96: 08972509032 | AE96: ayubetha@gmail.com | AF96: DADAN WARDANA | AG96: 1984 | AH96: BHETA AYU MINATI | AI96: 1987 | AJ96: 9 C
A97: herlina1387@gmail.com | B97: Bima Arsathya Ibrahim | D97: =IF(E97="","",COUNTIF(B:B,E97)) -> 1 | E97: Faeyza Muhammad Makkahginta | F97: VII Thalhah bin Ubaidillah | G97: Sabrina Niela Ni'ami, S.Pd. | R97: 96 | S97: Faeyza Akhtar Zeandhi | T97: 2627016 | U97: L | V97: 0145694836 | W97: Bandung | X97: 2014-01-30 | Y97: 3204052001140004 | Z97: Islam | AA97: Komp Pinus Regency jl. Rinjani II no 8 | AB97: Kec. Cinambo | AC97: 40294 | AD97: 085294621199 | AF97: Angki Yunandhi | AG97: 1978 | AH97: Rahmi Musdalifah | AI97: 1983 | AJ97: 7 A
A98: herlinaherlistiyanti@gmail.com | B98: Bima Arsathya Ibrahim | D98: =IF(E98="","",COUNTIF(B:B,E98)) -> 1 | E98: Fahira Putri Gunawan | F98: IX Ja'far bin Abi Thalib | G98: Sahri Fauzan, S.Pd. | R98: 97 | S98: Faeyza Muhammad Makkahginta | T98: 2627077 | U98: L | V98: 3136897353 | W98: Bandung | X98: 2013-10-14 | Y98: 3273121410130002 | Z98: Islam | AA98: Cluster batukarang blok B4 | AB98: Kec. Gedebage | AD98: 08394777455 | AF98: Yeni | AG98: 1977 | AH98: Yeni Anggraeni | AI98: 1979 | AJ98: 7 C
A99: bim28ch@gmail.com | B99: Bima Chandra | D99: =IF(E99="","",COUNTIF(B:B,E99)) -> 1 | E99: Faiha Nada Zalfa | F99: VIII Sa'ad Bin Abi Waqqash | G99: Arai Kurnia Ramadhan | R99: 98 | S99: Fahira Putri Gunawan | T99: 2425010 | U99: P | V99: 0117544257 | W99: Bandung | X99: 2011-11-05 | Y99: 3273234511110001 | Z99: Islam | AA99: GRAHA BATU KARANG JL.PESONA CLUSTER 2 NO 63 CIPAMOKOLAN BANDUNG | AB99: Kec. Rancasari | AD99: 081212769882 | AF99: ERI TOPIK GUNAWAN | AG99: 1976 | AH99: RINA ROSDIANA | AI99: 1983 | AJ99: 9 C
A100: itamst07@gmail.com | B100: Bima Chandra | D100: =IF(E100="","",COUNTIF(B:B,E100)) -> 2 | E100: Fairel Athariz Hafiz | F100: VIII Sa'ad Bin Abi Waqqash | G100: Nurul Lespi Izzati, S.Ag. | R100: 99 | S100: Faiha Nada Zalfa | T100: 2526076 | U100: P | V100: 0136407306 | W100: Bandung | X100: 2012-10-04 | Y100: 3273234410120001 | Z100: Islam | AA100: Komp. Bandung Indah Raya C12 no 10 Rt 05/ Rw 01 | AB100: Kec. Rancasari | AC100: 40292 | AD100: 085876157002 | AF100: Iwan Suryantoro | AG100: 1971 | AH100: Nurlaela Rochayati | AI100: 1971 | AJ100: 8 C
...

Sheet student-parent-class-teacher
A1: email | B1: username | C1: nis | D1: student_name | E1: class | F1: teacher | G1: parent_name | H1: email_parent
A2: nengdara.hdr@gmail.com | B2: abdulpradipta | C2: 0141066499 | D2: Abdul Rayhan Pradipta | E2: VII Thalhah bin Ubaidillah | F2: Marwan Malik Ibrahim, S.Pd. | G2: Dara Indah Pertiwi
A3: abhinayasyafiq19@gmail.com | B3: abhinayanatadikara | C3: 3149021359 | D3: Abhinaya Syafiq Natadikara | E3: VII Abu Bakar Ash-shiddiq | F3: Agus Sayyidul Ayyam, S.Pd. | G3: Ratna Widyaningsih | H3: rawidya80@gmail.com
A4: abyazfauzil@gmail.com | B4: abyazfirjatullah | C4: 3126431912 | D4: Abyaz Fauzil Firjatullah | E4: VIII Umar bin Khattab | F4: Sabrina Niela Ni'ami, S.Pd. | G4: Yeye Fahrina Inayatillah
A5: adam.avicii.adelard@gmail.com | B5: adamadelard | C5: 0138107714 | D5: Adam Avicii Adelard | E5: VII Thalhah bin Ubaidillah | F5: Sahri Fauzan, S.Pd. | G5: Ratna Hartati
A6: azzahra11022014@gmail.com | B6: adindazahra | C6: 3143690788 | D6: Adinda Fatimah Zahra | E6: VII Ali bin Abi Thalib | F6: Sabrina Niela Ni'ami, S.Pd. | G6: Astrisia Fitriani | H6: astrisia240883@gmail.com
A7: g3nt42007@gmail.com | B7: adreenashabira | C7: 3147257623 | D7: Adreena Shabira | E7: VII Abu Bakar Ash-shiddiq | F7: Lespi Nurul izzati, S.Ag. | G7: Kusmadini Suharti
A8: arisrinaldi79@gmail.com | B8: adzikrarinaldi | C8: 0133723976 | D8: Adzikra Athari Rinaldi | E8: VII Thalhah bin Ubaidillah | F8: Sahri Fauzan, S.Pd. | G8: Nia Sintawaty | H8: niasintawati81@gmail.com
A9: rikaandrianiyogianto@gmail.com | B9: adziqaqisya | C9: 0138471291 | D9: Adziqa naufal qisya | E9: VII Thalhah bin Ubaidillah | F9: Agus Sayyidul Ayyam, S.Pd. | G9: Rika Andriani | H9: rikaandrianiyogianto@gmail.com
A10: afifa.muktisa@gmail.com | B10: afifamuktisa | C10: 0128498183 | D10: Afifa Syakira Muktisa | E10: VIII Sa'ad Bin Abi Waqqash | F10: Bunga Sarah Istiqomah, S.Ag. | G10: Annisa Hartani
A11: afifah.naura2012@gmail.com | B11: afifahzafarani | C11: 0126787257 | D11: afifah naura Zafarani | E11: IX Utsman bin Affan | F11: Marwan Malik Ibrahim, S.Pd. | G11: Siska Maharani
B12: afnankautsar | C12: 0121695890 | D12: Afnan Maqil Kautsar | E12: IX Utsman bin Affan | F12: Bunga Sarah Istiqomah, S.Ag. | G12: Meggie Chairina
A13: agtamalika@gmail.com | B13: agtalapuri | C13: 3137745114 | D13: Agta Malika Lapuri | E13: VIII Abdurrahman bin Auf | F13: Agus Sayyidul Ayyam, S.Pd. | G13: Sheila Puspita Wulandari
B14: ahmadalfatih | C14: 3133234422 | D14: Ahmad Satria Alfatih | E14: VII Thalhah bin Ubaidillah | F14: Agus Sayyidul Ayyam, S.Pd. | G14: Hanifah Sani Spt
A15: aisyahputrisenna@gmail.com | B15: aisyahsenna | C15: 3136158343 | D15: Aisyah Hayundya Putri Senna | E15: VIII Sa'ad Bin Abi Waqqash | F15: Bunga Sarah Istiqomah, S.Ag. | G15: Hayunieta | H15: hayunieta@gmail.com
A16: alana090612@gmail.com | B16: akmakhaerunnisa | C16: 0124314004 | D16: Akma Faizia Khaerunnisa | E16: IX Utsman bin Affan | F16: Bunga Sarah Istiqomah, S.Ag. | G16: Suventi Turiatin | H16: ventizia2012@gmail.com
A17: uno77008@gmail.com | B17: alkyonando | C17: 0137353541 | D17: Al Junno Arkaan Kyonando | E17: VII Abu Bakar Ash-shiddiq | F17: Arai kurnia Ramadhan | G17: Flaminia Occitanie Adrial
A18: alana090612@gmail.com | B18: alanafara | C18: 0128979528 | D18: Alana Aisha Fara | E18: VIII Sa'ad Bin Abi Waqqash | F18: Arai kurnia Ramadhan | G18: Azizah
B19: alaricrizaki | C19: 3146870294 | D19: Alaric Isra Rizaki | E19: VII Thalhah bin Ubaidillah | F19: Sahri Fauzan, S.Pd. | G19: Nuryanti Riani
A20: niapurnamasari604@gmail.com | B20: albyelfarizi | C20: 3135407479 | D20: Alby Raiki Elfarizi | E20: VII Abu Bakar Ash-shiddiq | F20: Lespi Nurul izzati, S.Ag. | G20: Nia Purnamasari
A21: aleaizzatunnisaurora@gmail.com | B21: aleaaurora | C21: 3140779867 | D21: Alea Izzatunnisa Aurora | E21: VII Abu Bakar Ash-shiddiq | F21: Lespi Nurul izzati, S.Ag. | G21: Afriani Samya Nugraha
A22: aleaqurotaayun401@gmail.com | B22: aleaayun | C22: 3119815368 | D22: Alea Qurota 'ayun | E22: IX Utsman bin Affan | F22: Sahri Fauzan, S.Pd. | G22: Maryam | H22: iyam15149@gmail.com
A23: aleshasabreen@gmail.com | B23: aleshajinca | C23: 0143723327 | D23: Alesha Sabreen Jinca | E23: VII Thalhah bin Ubaidillah | F23: Sahri Fauzan, S.Pd. | G23: Fifin Zuraidah Al Adawiyah | H23: senojinca@gmail.com
A24: alifiandradaffa01@gmail.com | B24: alifiandrapradipta | C24: 0142168304 | D24: Alifiandra Daffa Pradipta | E24: VII Abu Bakar Ash-shiddiq | F24: Agus Sayyidul Ayyam, S.Pd. | G24: Tania Muthakarina | H24: taniamuthakarina86@gmail.com
A25: alaricmahadika8@gmail.com | B25: allaricpurnama | C25: 0132962601 | D25: Allaric Mahadika Putra Purnama | E25: VIII Abdurrahman bin Auf | F25: Lespi Nurul izzati, S.Ag. | G25: Rizky Fitria Utami Widyodoro
B26: allisyarainafa | C26: 0123947489 | D26: Allisya Rainafa | E26: IX Ja'far bin Abi Thalib | F26: Sahri Fauzan, S.Pd. | G26: Ligar Nurintan
A27: agung.nug02@gmail.com | B27: almiralarasati | C27: 0148402626 | D27: Almira Kinar Larasati | E27: VII Ali bin Abi Thalib | F27: Sabrina Niela Ni'ami, S.Pd. | G27: Noer Indah Kumaladewi
A28: almirasyafiya88@gmail.com | B28: almirasyafiya | C28: 0134143714 | D28: Almira nur syafiya | E28: VII Abu Bakar Ash-shiddiq | F28: Agus Sayyidul Ayyam, S.Pd. | G28: Nurwita Widya Utami
A29: putriekarizki@gmail.com | B29: almirarahma | C29: 0136439945 | D29: Almira Rahma | E29: VII Ali bin Abi Thalib | F29: Marwan Malik Ibrahim, S.Pd. | G29: Putri Eka Rizki Sudarsono, St
A30: alhome1912@gmail.com | B30: alyarajamai | C30: 0123921614 | D30: Alya Yustisia Putri Rajamai | E30: VIII Umar bin Khattab | F30: Annida Nurrohmah | G30: Susi Fatimah
A31: devinameisya25@gmail.com | B31: amandaputri | C31: 3114654669 | D31: Amanda Meisya Devina Putri | E31: IX Zubair bin Awwam | F31: Sahri Fauzan, S.Pd. | G31: Novi Yulianti
A32: amarrazs5912@gmail.com | B32: amarrasakhee | C32: 0125167789 | D32: Amarra Zulaikha Sakhee | E32: VIII Umar bin Khattab | F32: Muhammad Nurrachman Satrio, S.Pd. | G32: Pratiwi Prima Lestari
A33: amira.dpp.13@gmail.com | B33: amirapradani | C33: 3127124828 | D33: Amira Ditia Putri Pradani | E33: VIII Abdurrahman bin Auf | F33: Lespi Nurul izzati, S.Ag. | G33: Setiawati,S.Sos
A34: pit566774@gmail.com | B34: andaribalqis | C34: 0125757838 | D34: Andari Ratu Balqis | E34: VIII Sa'ad Bin Abi Waqqash | F34: Annida Nurrohmah | G34: Pipit Septiani
B35: andhikaadjie | C35: 0125866341 | D35: Andhika Bramantya Adjie | E35: VIII Abdurrahman bin Auf | F35: Annida Nurrohmah | G35: Merina Indriastuti
A36: andrakanavary@gmail.com | B36: andrakanavary | C36: 3122628187 | D36: Andraka Muhammad Navary | E36: IX Ja'far bin Abi Thalib | F36: Annida Nurrohmah | G36: Eva Agustina , Se | H36: rbroerys@gmail.com
A37: anggytharayhana2012@gmail.com | B37: anggythaputri | C37: 0122337417 | D37: Anggytha Rayhana Putri | E37: VIII Abdurrahman bin Auf | F37: Annida Nurrohmah | G37: Supriatin
A38: pit566774@gmail.com | B38: annasyafadillah | C38: 0116795429 | D38: Annasya Hana Fadillah | E38: IX Ja'far bin Abi Thalib | F38: Sahri Fauzan, S.Pd. | G38: Sri Mulyastuti
A39: aqeelaaruna54@gmail.com | B39: aqeelashanum | C39: 3133625687 | D39: Aqeela Aruna Shanum | E39: VIII Umar bin Khattab | F39: Muhammad Nurrachman Satrio, S.Pd. | G39: Yozie Verra Imelda
B40: aqieladhyastha | C40: 3133917955 | D40: Aqiel Harith Adhyastha | E40: VIII Abdurrahman bin Auf | F40: Annida Nurrohmah | G40: Yashoumi Setiatin
A41: aqila.shazia.sofyan@gmail.com | B41: aqilasofyan | C41: 0125305340 | D41: Aqila Shazia Sofyan | E41: VIII Sa'ad Bin Abi Waqqash | F41: Annida Nurrohmah | G41: Dwi Rianti
A42: romadhona.yuta@gmail.com | B42: arpurbawasesa | C42: 3129412135 | D42: Ar Sakha Shouma Purbawasesa | E42: VIII Sa'ad Bin Abi Waqqash | F42: Arai kurnia Ramadhan | G42: Yuta Romadhona
A43: argyarakha10@gmail.com | B43: argyarakha | C43: 0112625327 | D43: Argya Rakha | E43: IX Utsman bin Affan | F43: Sahri Fauzan, S.Pd. | G43: Ari Fanti Dewi | H43: arifantidewi@gmail.com
A44: hanakarlinanichi@gmail.com | B44: arjunaprayata | C44: 0141635692 | D44: Arjuna Rafif Prayata | E44: VII Thalhah bin Ubaidillah | F44: Marwan Malik Ibrahim, S.Pd. | G44: Nichi Hana Karlina
B45: arkhanprihusada | C45: 0126605694 | D45: Arkhan Arshavin Prihusada | E45: IX Ja'far bin Abi Thalib | F45: Sahri Fauzan, S.Pd. | G45: Keli Narti
B46: arsalibrahim | C46: 0125256122 | D46: Arsal Ibrahim | E46: IX Ja'far bin Abi Thalib | F46: Bunga Sarah Istiqomah, S.Ag. | G46: Dahlia | H46: arsalibrahim10@icloud.com
B47: arsyadpriyanto | C47: 0116321149 | D47: Arsyad Arif Priyanto | E47: IX Utsman bin Affan | F47: Sahri Fauzan, S.Pd. | G47: R.Henny Octaviany
A48: jeuljejeuul@gmail.com | B48: arsyilasyakira | C48: 0131201957 | D48: Arsyila Izza Syakira | E48: VII Thalhah bin Ubaidillah | F48: Marwan Malik Ibrahim, S.Pd. | G48: Rizka Hizriati Handayani
A49: arumaishaaulia2011@gmail.com | B49: arumaishacahya | C49: 3117989458 | D49: Arumaisha Aulia Cahya | E49: IX Zubair bin Awwam | F49: Bunga Sarah Istiqomah, S.Ag. | G49: Eva Fauziyah | H49: fauziyah_eva@yahoo.com
A50: aslamfarhanhabib@gmail.com | B50: aslamhabib | C50: 0137638139 | D50: Aslam Farhan Habib | E50: VII Abu Bakar Ash-shiddiq | F50: Agus Sayyidul Ayyam, S.Pd. | G50: Idalia Melinawati | H50: idaliamelinawati@gmail.com
A51: atayaraisha11@gmail.com | B51: atayakudiyatno | C51: 0128807819 | D51: Ataya Raisha Zahia Kudiyatno | E51: IX Utsman bin Affan | F51: Muhammad Nurrachman Satrio, S.Pd. | G51: Agil Ayu Destriana
A52: ananulz@gmail.com | B52: athallaadiwibawa | C52: 0137042522 | D52: Athalla Akbar Adiwibawa | E52: VII Abu Bakar Ash-shiddiq | F52: Arai kurnia Ramadhan | G52: Ana Karina
A53: athallah.w.joeanda@gmail.com | B53: athallahjoeanda | C53: 0117719024 | D53: Athallah Wiradiraksa Joeanda | E53: IX Zubair bin Awwam | F53: Muhammad Nurrachman Satrio, S.Pd. | G53: Hesti Johan
A54: athrhilmi@gmail.com | B54: atharrahmanhilmi | C54: 0147723371 | D54: Atharrahman Hilmi | E54: VII Thalhah bin Ubaidillah | F54: Sahri Fauzan, S.Pd. | G54: Andini Wulandari | H54: dintce@gmail.com
A55: archinoooe@gmail.com | B55: athifafauziyah | C55: 0135905320 | D55: Athifa Nur Fauziyah | E55: VII Ali bin Abi Thalib | F55: Arai kurnia Ramadhan | G55: Faridah | H55: idafaridahsp@gmail.com
A56: audreyalfattahgunawan@gmail.com | B56: audreygunawan | C56: 0149297218 | D56: Audrey Al-Fattah Gunawan | E56: VII Abu Bakar Ash-shiddiq | F56: Agus Sayyidul Ayyam, S.Pd. | G56: Dhaifina Noor Sabrina
A57: an.danesha94@gmail.com | B57: avikadanesha | C57: 3124741561 | D57: Avika Nabila Danesha | E57: IX Ja'far bin Abi Thalib | F57: Bunga Sarah Istiqomah, S.Ag. | G57: Wahyu Widayati
A58: ayma.doc13@gmail.com | B58: aymaramadhanti | C58: 3125328993 | D58: Ayma Azzahra Ramadhanti | E58: VIII Umar bin Khattab | F58: Muhammad Nurrachman Satrio, S.Pd. | G58: Sri Rahayu Mustika Sari
A59: avicennalausa@gmail.com | B59: azharavicenna | C59: 3133325624 | D59: Azhar Alfatih Avicenna | E59: VII Abu Bakar Ash-shiddiq | F59: Lespi Nurul izzati, S.Ag. | G59: Lia Kamalia | H59: avicennalausa@gmail.com
A60: aziizah103@gmail.com | B60: aziizahbrilian | C60: 3127832976 | D60: Aziizah Shaafiyah Brilian | E60: IX Zubair bin Awwam | F60: Bunga Sarah Istiqomah, S.Ag. | G60: Iin Parlina | H60: alexlpph09@gmail.com
A61: weriyanti@gmail.com | B61: azizanadri | C61: 0139895141 | D61: Azizan Maulana Adri | E61: VII Abu Bakar Ash-shiddiq | F61: Lespi Nurul izzati, S.Ag. | G61: Weriyanti | H61: weriyanti@gmail.com
A62: ayrasigma81@gmail.com | B62: azkayraharahap | C62: 3122748220 | D62: Azkayra Iftina Harahap | E62: VII Ali bin Abi Thalib | F62: Marwan Malik Ibrahim, S.Pd. | G62: Ayu Aprilia Putri
A63: azkhiaamry@gmail.com | B63: azkhiaamry | C63: 0139387933 | D63: Azkhia Shanianti Amry | E63: VII Abu Bakar Ash-shiddiq | F63: Sabrina Niela Ni'ami, S.Pd. | G63: Ratna Antikasari
A64: dinarahayu0107@gmail.com | B64: azkiyasachi | C64: 0137146839 | D64: Azkiya Noura Sachi | E64: VII Ali bin Abi Thalib | F64: Marwan Malik Ibrahim, S.Pd. | G64: Dina Rahayu
A65: heri.supri0231@gmail.com | B65: azniialesha | C65: 3132708868 | D65: Aznii Kasmira Alesha | E65: VII Ali bin Abi Thalib | F65: Arai kurnia Ramadhan | G65: Ade Octaviani
A66: zaaradearly@gmail.com | B66: azzaaramaileeqa | C66: 3138865232 | D66: Azzaara Dearly Maileeqa | E66: VII Abu Bakar Ash-shiddiq | F66: Sabrina Niela Ni'ami, S.Pd. | G66: Irma Febrianti
A67: bagja2727@gmail.com | B67: bagjasumaatmadja | C67: 0121231844 | D67: Bagja Sumaatmadja | E67: VIII Sa'ad Bin Abi Waqqash | F67: Lespi Nurul izzati, S.Ag. | G67: Tessa Ramdani
A68: zizibaiza@gmail.com | B68: baizacahyadi | C68: 0128897497 | D68: Baiza Zi Putri Cahyadi | E68: IX Zubair bin Awwam | F68: Muhammad Nurrachman Satrio, S.Pd. | G68: Erika Wulandari
A69: 1207danish@gmail.com | B69: barraazis | C69: 0123947056 | D69: Barra Sofyan Athalla Azis | E69: VIII Umar bin Khattab | F69: Annida Nurrohmah | G69: Fajar Wijayanti | H69: fajar.wijayanti11@gmail.com
A70: herlina1387@gmail.com | B70: bimaibrahim | C70: 0142519371 | D70: Bima Arsathya Ibrahim | E70: VII Ali bin Abi Thalib | F70: Arai kurnia Ramadhan | G70: Herlina Putri Herlistiyanti
A71: bim28ch@gmail.com | B71: bimachandra | C71: 3131096550 | D71: Bima Chandra | E71: VIII Sa'ad Bin Abi Waqqash | F71: Arai kurnia Ramadhan | G71: Ita Masita,Se
A72: herusahruna01@gmail.com | B72: calistasahruna | C72: 0148371091 | D72: Calista Athaya Sahruna | E72: VII Ali bin Abi Thalib | F72: Lespi Nurul izzati, S.Ag. | G72: Gita Rahmawati
B73: calistaizzatunisa | C73: 3131386554 | D73: Calista Serafina Izzatunisa | E73: VII Thalhah bin Ubaidillah | F73: Sahri Fauzan, S.Pd. | G73: Anisa Fitri
A74: annidanr63@gmail.com | B74: callystasahira | C74: 3134893425 | D74: Callysta Haiyun Sahira | E74: VIII Sa'ad Bin Abi Waqqash | F74: Annida Nurrohmah | G74: Rosaria Kesuma Dewi
A75: ceisyaazzahraps@gmail.com | B75: ceisyasetiady | C75: 0139816669 | D75: Ceisya Azzahra Putri Setiady | E75: VIII Sa'ad Bin Abi Waqqash | F75: Lespi Nurul izzati, S.Ag. | G75: Moya Nurmelinda
A76: dafinaazuraziva28@gmail.com | B76: dafinaziva | C76: 0134021681 | D76: Dafina Azura Ziva | E76: VII Ali bin Abi Thalib | F76: Lespi Nurul izzati, S.Ag. | G76: Erna Yuniawaty | H76: ernafatria@gmail.com
A77: 1207danish@gmail.com | B77: danisharrahman | C77: 0122191406 | D77: Danish Malik Arrahman | E77: IX Utsman bin Affan | F77: Sahri Fauzan, S.Pd. | G77: Sri Agustina | H77: tinasyahdani05@yahoo.com
A78: daniswara.priendra@gmail.com | B78: daniswarapriendra | C78: 0126086376 | D78: Daniswara Ahsan Priendra | E78: VIII Umar bin Khattab | F78: Sabrina Niela Ni'ami, S.Pd. | G78: Ika Swastika Andhian | H78: andhian-85@gmail.com
A79: darrenaldrien24@gmail.com | B79: darrenaridihardja | C79: 0148346988 | D79: Darren Aldrien Calief Aridihardja | E79: VII Ali bin Abi Thalib | F79: Marwan Malik Ibrahim, S.Pd. | G79: Ririn Riani Ludisa
A80: davinamahsa@gmail.com | B80: davinamahsa | C80: 3142950811 | D80: Davina Kyla Mahsa | E80: VII Thalhah bin Ubaidillah | F80: Marwan Malik Ibrahim, S.Pd. | G80: Sutarsih
A81: shellitamelanie97@gmail.com | B81: deefaqabila | C81: 0121887319 | D81: Deefa Quaneisha Qabila | E81: VIII Abdurrahman bin Auf | F81: Arai kurnia Ramadhan | G81: Shellita Melanie Astuti Setiawan
A82: desfara.a.husna@gmail.com | B82: desfarahusna | C82: 0121707270 | D82: Desfara Ayatul Husna | E82: VIII Umar bin Khattab | F82: Sabrina Niela Ni'ami, S.Pd. | G82: Iis Tuty Yuningsih | H82: ummi.zanera@gmail.com
A83: itahitayati73@gmail.com | B83: dhabitgani | C83: 0139455799 | D83: DHABIT FAIQ AL GHANI | E83: VII Abu Bakar Ash-shiddiq | F83: Lespi Nurul izzati, S.Ag. | G83: Ita Hitayati | H83: neizlisnawati512328@gmail.com
A84: dhafindhafin38@gmail.com | B84: dhafinwijaya | C84: 0124331553 | D84: Dhafin Athallah Wijaya | E84: IX Zubair bin Awwam | F84: Sahri Fauzan, S.Pd. | G84: Ari Rosita Wijayanti | H84: dhatindhatin38@gmail.com
A85: dhyannisalesmana@gmail.com | B85: dhyannisalesmana | C85: 0128712782 | D85: Dhyannisa Mutiarani Lesmana | E85: IX Zubair bin Awwam | F85: Bunga Sarah Istiqomah, S.Ag. | G85: Indriana
B86: driaayun | C86: 0122825608 | D86: Dria Humaira Dzuria Qurrata A'yun | E86: IX Ja'far bin Abi Thalib | F86: Annida Nurrohmah | G86: Heiriah | H86: kusumaaira227@gmail.com
A87: ergi3777@gmail.com | B87: dzakyergiansyah | C87: 3127034670 | D87: Dzaky Alrizkie Ergiansyah | E87: VIII Umar bin Khattab | F87: Sabrina Niela Ni'ami, S.Pd. | G87: Desti Susilowati | H87: desti8888@gmail.com
A88: galuhgadiza90@gmail.com | B88: elnareswari | C88: 0127668727 | D88: El Galuh Gadiza Nareswari | E88: VIII Abdurrahman bin Auf | F88: Arai kurnia Ramadhan | G88: Ninik Muryanti
A89: dwi.meytiawati@yahoo.com | B89: elenaramdhani | C89: 0129313468 | D89: Elena Fazia Ramdhani | E89: VIII Sa'ad Bin Abi Waqqash | F89: Arai kurnia Ramadhan | G89: Dwi Meytiawati
A90: dinasetyaningsih2@gmail.com | B90: evraaris | C90: 0137002784 | D90: Evra Elya Najma Aris | E90: VIII Abdurrahman bin Auf | F90: Lespi Nurul izzati, S.Ag. | G90: Dina Setyaningsih
A91: faadhillahazwa431@gmail.com | B91: faadhillahrafisonia | C91: 3133512390 | D91: Faadhillah Azwa Rafisonia | E91: VIII Umar bin Khattab | F91: Agus Sayyidul Ayyam, S.Pd. | G91: Rafika Putri Taurisia
B92: fabianwiratama | C92: 0149125968 | D92: Fabian Ahza Wiratama | E92: VII Ali bin Abi Thalib | F92: Marwan Malik Ibrahim, S.Pd. | G92: Ririn Yefatika Sari
A93: fabianalfaraby2@gmail.com | B93: fabianpurnama | C93: 0119830640 | D93: Fabian Al-Farabi Putra Purnama | E93: IX Zubair bin Awwam | F93: Sahri Fauzan, S.Pd. | G93: Rizky Fitria Utami Widyodoro
A94: fabio.arfanur@gmail.com | B94: fabionurjaman | C94: 0114980027 | D94: Fabio Arfa Nurjaman | E94: IX Zubair bin Awwam | F94: Marwan Malik Ibrahim, S.Pd. | G94: Suzan Indira Gandhi
A95: fadhlirafiffadhlullah@gmail.com | B95: fadhlifadhlullah | C95: 0132011840 | D95: Fadhli Rafif Fadhlullah | E95: VIII Abdurrahman bin Auf | F95: Arai kurnia Ramadhan | G95: Yusi Susilawati
A96: sayyiddays1984@gmail.com | B96: faeyzawardana | C96: 0117969721 | D96: Faeyza Akhtar Wardana | E96: IX Ja'far bin Abi Thalib | F96: Bunga Sarah Istiqomah, S.Ag. | G96: Bheta Ayu Minati | H96: ayubetha@gmail.com
A97: faeyzaakhtar30@gmail.com | B97: faeyzazeandhi | C97: 0145694836 | D97: Faeyza Akhtar Zeandhi | E97: VII Abu Bakar Ash-shiddiq | F97: Arai kurnia Ramadhan | G97: Rahmi Musdalifah
A98: fmakkahginta@gmail.com | B98: faeyzamakkahginta | C98: 3136897353 | D98: Faeyza Muhammad Makkahginta | E98: VII Thalhah bin Ubaidillah | F98: Sabrina Niela Ni'ami, S.Pd. | G98: Yeni Anggraeni
A99: fahiraputrigunawan1234@gmail.com | B99: fahiragunawan | C99: 0117544257 | D99: Fahira Putri Gunawan | E99: IX Ja'far bin Abi Thalib | F99: Sahri Fauzan, S.Pd. | G99: Rina Rosdiana
A100: faihanada4.zalfa@gmail.com | B100: faihazalfa | C100: 0136407306 | D100: Faiha Nada Zalfa | E100: VIII Sa'ad Bin Abi Waqqash | F100: Arai kurnia Ramadhan | G100: Nurlaela Rochayati
...

Sheet student
A1: email | B1: nis | C1: fullname | D1: username | E1: password | F1: gender | G1: birth_place | H1: birth_date
A2: nengdara.hdr@gmail.com | B2: =VLOOKUP(C2,raw!S:AA,4,0) -> 0141066499 | C2: Abdul Rayhan Pradipta | D2: abdulpradipta | E2: =_xlfn.CONCAT(D2,"2026") -> abdulpradipta2026 | F2: Ikhwan | G2: Payakumbuh | H2: 2014-04-15
A3: abhinayasyafiq19@gmail.com | B3: =VLOOKUP(C3,raw!S:AA,4,0) -> 3149021359 | C3: Abhinaya Syafiq Natadikara | D3: abhinayanatadikara | E3: =_xlfn.CONCAT(D3,"2026") -> abhinayanatadikara2026 | F3: Ikhwan | G3: Tangerang | H3: 2014-03-19
A4: abyazfauzil@gmail.com | B4: =VLOOKUP(C4,raw!S:AA,4,0) -> 3126431912 | C4: Abyaz Fauzil Firjatullah | D4: abyazfirjatullah | E4: =_xlfn.CONCAT(D4,"2026") -> abyazfirjatullah2026 | F4: Ikhwan | G4: Bandung | H4: 2012-05-28
A5: adam.avicii.adelard@gmail.com | B5: =VLOOKUP(C5,raw!S:AA,4,0) -> 0138107714 | C5: Adam Avicii Adelard | D5: adamadelard | E5: =_xlfn.CONCAT(D5,"2026") -> adamadelard2026 | F5: Ikhwan | G5: Bandung | H5: 2013-11-13
A6: azzahra11022014@gmail.com | B6: =VLOOKUP(C6,raw!S:AA,4,0) -> 3143690788 | C6: Adinda Fatimah Zahra | D6: adindazahra | E6: =_xlfn.CONCAT(D6,"2026") -> adindazahra2026 | F6: Akhwat | G6: Semarang | H6: 2014-02-11
A7: g3nt42007@gmail.com | B7: =VLOOKUP(C7,raw!S:AA,4,0) -> 3147257623 | C7: Adreena Shabira | D7: adreenashabira | E7: =_xlfn.CONCAT(D7,"2026") -> adreenashabira2026 | F7: Akhwat | G7: Bandung | H7: 2014-05-26
A8: arisrinaldi79@gmail.com | B8: =VLOOKUP(C8,raw!S:AA,4,0) -> 0133723976 | C8: Adzikra Athari Rinaldi | D8: adzikrarinaldi | E8: =_xlfn.CONCAT(D8,"2026") -> adzikrarinaldi2026 | F8: Akhwat | G8: Bandung | H8: 2013-12-07
A9: rikaandrianiyogianto@gmail.com | B9: =VLOOKUP(C9,raw!S:AA,4,0) -> 0138471291 | C9: Adziqa Naufal Qisya | D9: adziqaqisya | E9: =_xlfn.CONCAT(D9,"2026") -> adziqaqisya2026 | F9: Ikhwan | G9: Cimahi | H9: 2013-09-28
A10: afifa.muktisa@gmail.com | B10: =VLOOKUP(C10,raw!S:AA,4,0) -> 0128498183 | C10: Afifa Syakira Muktisa | D10: afifamuktisa | E10: =_xlfn.CONCAT(D10,"2026") -> afifamuktisa2026 | F10: Akhwat | G10: Bandung | H10: 2012-03-27
A11: afifah.naura2012@gmail.com | B11: =VLOOKUP(C11,raw!S:AA,4,0) -> 0126787257 | C11: Afifah Naura Zafarani | D11: afifahzafarani | E11: =_xlfn.CONCAT(D11,"2026") -> afifahzafarani2026 | F11: Akhwat | G11: Blitar | H11: 2012-04-08
B12: =VLOOKUP(C12,raw!S:AA,4,0) -> 0121695890 | C12: Afnan Maqil Kautsar | D12: afnankautsar | E12: =_xlfn.CONCAT(D12,"2026") -> afnankautsar2026 | F12: Ikhwan | G12: Bandung | H12: 2012-07-01
A13: agtamalika@gmail.com | B13: =VLOOKUP(C13,raw!S:AA,4,0) -> 3137745114 | C13: Agta Malika Lapuri | D13: agtalapuri | E13: =_xlfn.CONCAT(D13,"2026") -> agtalapuri2026 | F13: Akhwat | G13: Bandung | H13: 2013-03-08
B14: =VLOOKUP(C14,raw!S:AA,4,0) -> 3133234422 | C14: Ahmad Satria Alfatih | D14: ahmadalfatih | E14: =_xlfn.CONCAT(D14,"2026") -> ahmadalfatih2026 | F14: Ikhwan | G14: Balikpapan | H14: 2013-09-14
A15: aisyahputrisenna@gmail.com | B15: =VLOOKUP(C15,raw!S:AA,4,0) -> 3136158343 | C15: Aisyah Hayundya Putri Senna | D15: aisyahsenna | E15: =_xlfn.CONCAT(D15,"2026") -> aisyahsenna2026 | F15: Akhwat | G15: Pontianak | H15: 2013-01-31
A16: alana090612@gmail.com | B16: =VLOOKUP(C16,raw!S:AA,4,0) -> 0124314004 | C16: Akma Faizia Khaerunnisa | D16: akmakhaerunnisa | E16: =_xlfn.CONCAT(D16,"2026") -> akmakhaerunnisa2026 | F16: Akhwat | G16: Bandung | H16: 2012-07-17
A17: uno77008@gmail.com | B17: =VLOOKUP(C17,raw!S:AA,4,0) -> 0137353541 | C17: Al Junno Arkaan Kyonando | D17: alkyonando | E17: =_xlfn.CONCAT(D17,"2026") -> alkyonando2026 | F17: Ikhwan | G17: Bandung | H17: 2013-09-28
A18: alana090612@gmail.com | B18: =VLOOKUP(C18,raw!S:AA,4,0) -> 0128979528 | C18: Alana Aisha Fara | D18: alanafara | E18: =_xlfn.CONCAT(D18,"2026") -> alanafara2026 | F18: Akhwat | G18: Bandung | H18: 2012-06-09
B19: =VLOOKUP(C19,raw!S:AA,4,0) -> 3146870294 | C19: Alaric Isra Rizaki | D19: alaricrizaki | E19: =_xlfn.CONCAT(D19,"2026") -> alaricrizaki2026 | F19: Ikhwan | G19: Bandung | H19: 2014-05-16
A20: niapurnamasari604@gmail.com | B20: =VLOOKUP(C20,raw!S:AA,4,0) -> 3135407479 | C20: Alby Raiki Elfarizi | D20: albyelfarizi | E20: =_xlfn.CONCAT(D20,"2026") -> albyelfarizi2026 | F20: Ikhwan | G20: Bandung | H20: 2013-11-06
A21: aleaizzatunnisaurora@gmail.com | B21: =VLOOKUP(C21,raw!S:AA,4,0) -> 3140779867 | C21: Alea Izzatunnisa Aurora | D21: aleaaurora | E21: =_xlfn.CONCAT(D21,"2026") -> aleaaurora2026 | F21: Akhwat | G21: Bandung | H21: 2014-03-29
A22: aleaqurotaayun401@gmail.com | B22: =VLOOKUP(C22,raw!S:AA,4,0) -> 3119815368 | C22: Alea Qurota 'Ayun | D22: aleaayun | E22: =_xlfn.CONCAT(D22,"2026") -> aleaayun2026 | F22: Akhwat | G22: Bandung | H22: 2011-05-04
A23: aleshasabreen@gmail.com | B23: =VLOOKUP(C23,raw!S:AA,4,0) -> 0143723327 | C23: Alesha Sabreen Jinca | D23: aleshajinca | E23: =_xlfn.CONCAT(D23,"2026") -> aleshajinca2026 | F23: Akhwat | G23: Bandung | H23: 2014-01-31
A24: alifiandradaffa01@gmail.com | B24: =VLOOKUP(C24,raw!S:AA,4,0) -> 0142168304 | C24: Alifiandra Daffa Pradipta | D24: alifiandrapradipta | E24: =_xlfn.CONCAT(D24,"2026") -> alifiandrapradipta2026 | F24: Ikhwan | G24: Bandung | H24: 2014-01-01
A25: alaricmahadika8@gmail.com | B25: =VLOOKUP(C25,raw!S:AA,4,0) -> 0132962601 | C25: Allaric Mahadika Putra Purnama | D25: allaricpurnama | E25: =_xlfn.CONCAT(D25,"2026") -> allaricpurnama2026 | F25: Ikhwan | G25: Bandung | H25: 2013-06-16
B26: =VLOOKUP(C26,raw!S:AA,4,0) -> 0123947489 | C26: Allisya Rainafa | D26: allisyarainafa | E26: =_xlfn.CONCAT(D26,"2026") -> allisyarainafa2026 | F26: Akhwat | G26: Bandung | H26: 2012-01-05
A27: agung.nug02@gmail.com | B27: =VLOOKUP(C27,raw!S:AA,4,0) -> 0148402626 | C27: Almira Kinar Larasati | D27: almiralarasati | E27: =_xlfn.CONCAT(D27,"2026") -> almiralarasati2026 | F27: Akhwat | G27: Banyumas | H27: 2014-11-26
A28: almirasyafiya88@gmail.com | B28: =VLOOKUP(C28,raw!S:AA,4,0) -> 0134143714 | C28: Almira Nur Syafiya | D28: almirasyafiya | E28: =_xlfn.CONCAT(D28,"2026") -> almirasyafiya2026 | F28: Akhwat | G28: Bandung | H28: 2013-08-08
A29: putriekarizki@gmail.com | B29: =VLOOKUP(C29,raw!S:AA,4,0) -> 0136439945 | C29: Almira Rahma | D29: almirarahma | E29: =_xlfn.CONCAT(D29,"2026") -> almirarahma2026 | F29: Akhwat | G29: Bandung | H29: 2013-09-27
A30: alhome1912@gmail.com | B30: =VLOOKUP(C30,raw!S:AA,4,0) -> 0123921614 | C30: Alya Yustisia Putri Rajamai | D30: alyarajamai | E30: =_xlfn.CONCAT(D30,"2026") -> alyarajamai2026 | F30: Akhwat | G30: Cianjur | H30: 2012-11-19
A31: devinameisya25@gmail.com | B31: =VLOOKUP(C31,raw!S:AA,4,0) -> 3114654669 | C31: Amanda Meisya Devina Putri | D31: amandaputri | E31: =_xlfn.CONCAT(D31,"2026") -> amandaputri2026 | F31: Akhwat | G31: Bandung | H31: 2011-05-25
A32: amarrazs5912@gmail.com | B32: =VLOOKUP(C32,raw!S:AA,4,0) -> 0125167789 | C32: Amarra Zulaikha Sakhee | D32: amarrasakhee | E32: =_xlfn.CONCAT(D32,"2026") -> amarrasakhee2026 | F32: Akhwat | G32: Bandung | H32: 2012-09-05
A33: amira.dpp.13@gmail.com | B33: =VLOOKUP(C33,raw!S:AA,4,0) -> 3127124828 | C33: Amira Ditia Putri Pradani | D33: amirapradani | E33: =_xlfn.CONCAT(D33,"2026") -> amirapradani2026 | F33: Akhwat | G33: Bandung | H33: 2012-11-13
A34: pit566774@gmail.com | B34: =VLOOKUP(C34,raw!S:AA,4,0) -> 0125757838 | C34: Andari Ratu Balqis | D34: andaribalqis | E34: =_xlfn.CONCAT(D34,"2026") -> andaribalqis2026 | F34: Akhwat | G34: Bandung | H34: 2012-11-01
B35: =VLOOKUP(C35,raw!S:AA,4,0) -> 0125866341 | C35: Andhika Bramantya Adjie | D35: andhikaadjie | E35: =_xlfn.CONCAT(D35,"2026") -> andhikaadjie2026 | F35: Ikhwan | G35: Bandung | H35: 2012-04-04
A36: andrakanavary@gmail.com | B36: =VLOOKUP(C36,raw!S:AA,4,0) -> 3122628187 | C36: Andraka Muhammad Navary | D36: andrakanavary | E36: =_xlfn.CONCAT(D36,"2026") -> andrakanavary2026 | F36: Ikhwan | G36: Bandung | H36: 2012-02-18
A37: anggytharayhana2012@gmail.com | B37: =VLOOKUP(C37,raw!S:AA,4,0) -> 0122337417 | C37: Anggytha Rayhana Putri | D37: anggythaputri | E37: =_xlfn.CONCAT(D37,"2026") -> anggythaputri2026 | F37: Akhwat | G37: Garut | H37: 2012-11-21
A38: pit566774@gmail.com | B38: =VLOOKUP(C38,raw!S:AA,4,0) -> 0116795429 | C38: Annasya Hana Fadillah | D38: annasyafadillah | E38: =_xlfn.CONCAT(D38,"2026") -> annasyafadillah2026 | F38: Akhwat | G38: Bandung | H38: 2011-08-17
A39: aqeelaaruna54@gmail.com | B39: =VLOOKUP(C39,raw!S:AA,4,0) -> 3133625687 | C39: Aqeela Aruna Shanum | D39: aqeelashanum | E39: =_xlfn.CONCAT(D39,"2026") -> aqeelashanum2026 | F39: Akhwat | G39: Bandung | H39: 2013-04-05
B40: =VLOOKUP(C40,raw!S:AA,4,0) -> 3133917955 | C40: Aqiel Harith Adhyastha | D40: aqieladhyastha | E40: =_xlfn.CONCAT(D40,"2026") -> aqieladhyastha2026 | F40: Ikhwan | G40: Bandung | H40: 2013-05-30
A41: aqila.shazia.sofyan@gmail.com | B41: =VLOOKUP(C41,raw!S:AA,4,0) -> 0125305340 | C41: Aqila Shazia Sofyan | D41: aqilasofyan | E41: =_xlfn.CONCAT(D41,"2026") -> aqilasofyan2026 | F41: Akhwat | G41: Sleman | H41: 2012-07-17
A42: romadhona.yuta@gmail.com | B42: =VLOOKUP(C42,raw!S:AA,4,0) -> 3129412135 | C42: Ar Sakha Shouma Purbawasesa | D42: arpurbawasesa | E42: =_xlfn.CONCAT(D42,"2026") -> arpurbawasesa2026 | F42: Ikhwan | G42: Bandung | H42: 2012-07-23
A43: argyarakha10@gmail.com | B43: =VLOOKUP(C43,raw!S:AA,4,0) -> 0112625327 | C43: Argya Rakha | D43: argyarakha | E43: =_xlfn.CONCAT(D43,"2026") -> argyarakha2026 | F43: Ikhwan | G43: Bandung | H43: 2011-10-08
A44: hanakarlinanichi@gmail.com | B44: =VLOOKUP(C44,raw!S:AA,4,0) -> 0141635692 | C44: Arjuna Rafif Prayata | D44: arjunaprayata | E44: =_xlfn.CONCAT(D44,"2026") -> arjunaprayata2026 | F44: Ikhwan | G44: Purwakarta | H44: 2014-06-14
B45: =VLOOKUP(C45,raw!S:AA,4,0) -> 0126605694 | C45: Arkhan Arshavin Prihusada | D45: arkhanprihusada | E45: =_xlfn.CONCAT(D45,"2026") -> arkhanprihusada2026 | F45: Ikhwan | G45: Bandung | H45: 2012-01-02
B46: =VLOOKUP(C46,raw!S:AA,4,0) -> 0125256122 | C46: Arsal Ibrahim | D46: arsalibrahim | E46: =_xlfn.CONCAT(D46,"2026") -> arsalibrahim2026 | F46: Ikhwan | G46: Bandung | H46: 2012-01-04
B47: =VLOOKUP(C47,raw!S:AA,4,0) -> 0116321149 | C47: Arsyad Arif Priyanto | D47: arsyadpriyanto | E47: =_xlfn.CONCAT(D47,"2026") -> arsyadpriyanto2026 | F47: Ikhwan | G47: Bandung | H47: 2011-11-30
A48: jeuljejeuul@gmail.com | B48: =VLOOKUP(C48,raw!S:AA,4,0) -> 0131201957 | C48: Arsyila Izza Syakira | D48: arsyilasyakira | E48: =_xlfn.CONCAT(D48,"2026") -> arsyilasyakira2026 | F48: Akhwat | G48: Bandung | H48: 2013-10-10
A49: arumaishaaulia2011@gmail.com | B49: =VLOOKUP(C49,raw!S:AA,4,0) -> 3117989458 | C49: Arumaisha Aulia Cahya | D49: arumaishacahya | E49: =_xlfn.CONCAT(D49,"2026") -> arumaishacahya2026 | F49: Akhwat | G49: Ciamis | H49: 2011-07-01
A50: aslamfarhanhabib@gmail.com | B50: =VLOOKUP(C50,raw!S:AA,4,0) -> 0137638139 | C50: Aslam Farhan Habib | D50: aslamhabib | E50: =_xlfn.CONCAT(D50,"2026") -> aslamhabib2026 | F50: Ikhwan | G50: Natar | H50: 2013-09-03
A51: atayaraisha11@gmail.com | B51: =VLOOKUP(C51,raw!S:AA,4,0) -> 0128807819 | C51: Ataya Raisha Zahia Kudiyatno | D51: atayakudiyatno | E51: =_xlfn.CONCAT(D51,"2026") -> atayakudiyatno2026 | F51: Akhwat | G51: Bandung | H51: 2012-07-11
A52: ananulz@gmail.com | B52: =VLOOKUP(C52,raw!S:AA,4,0) -> 0137042522 | C52: Athalla Akbar Adiwibawa | D52: athallaadiwibawa | E52: =_xlfn.CONCAT(D52,"2026") -> athallaadiwibawa2026 | F52: Ikhwan | G52: Bandung | H52: 2013-08-07
A53: athallah.w.joeanda@gmail.com | B53: =VLOOKUP(C53,raw!S:AA,4,0) -> 0117719024 | C53: Athallah Wiradiraksa Joeanda | D53: athallahjoeanda | E53: =_xlfn.CONCAT(D53,"2026") -> athallahjoeanda2026 | F53: Ikhwan | G53: Bandung | H53: 2011-03-23
A54: athrhilmi@gmail.com | B54: =VLOOKUP(C54,raw!S:AA,4,0) -> 0147723371 | C54: Atharrahman Hilmi | D54: atharrahmanhilmi | E54: =_xlfn.CONCAT(D54,"2026") -> atharrahmanhilmi2026 | F54: Ikhwan | G54: Bandung | H54: 2013-10-05
A55: archinoooe@gmail.com | B55: =VLOOKUP(C55,raw!S:AA,4,0) -> 0135905320 | C55: Athifa Nur Fauziyah | D55: athifafauziyah | E55: =_xlfn.CONCAT(D55,"2026") -> athifafauziyah2026 | F55: Akhwat | G55: Bandung | H55: 2013-08-26
A56: audreyalfattahgunawan@gmail.com | B56: =VLOOKUP(C56,raw!S:AA,4,0) -> 0149297218 | C56: Audrey Al-Fattah Gunawan | D56: audreygunawan | E56: =_xlfn.CONCAT(D56,"2026") -> audreygunawan2026 | F56: Akhwat | G56: Bandung | H56: 2014-04-11
A57: an.danesha94@gmail.com | B57: =VLOOKUP(C57,raw!S:AA,4,0) -> 3124741561 | C57: Avika Nabila Danesha | D57: avikadanesha | E57: =_xlfn.CONCAT(D57,"2026") -> avikadanesha2026 | F57: Akhwat | G57: Jakarta | H57: 2012-04-09
A58: ayma.doc13@gmail.com | B58: =VLOOKUP(C58,raw!S:AA,4,0) -> 3125328993 | C58: Ayma Azzahra Ramadhanti | D58: aymaramadhanti | E58: =_xlfn.CONCAT(D58,"2026") -> aymaramadhanti2026 | F58: Akhwat | G58: Bandung | H58: 2012-08-13
A59: avicennalausa@gmail.com | B59: =VLOOKUP(C59,raw!S:AA,4,0) -> 3133325624 | C59: Azhar Alfatih Avicenna | D59: azharavicenna | E59: =_xlfn.CONCAT(D59,"2026") -> azharavicenna2026 | F59: Ikhwan | G59: Bandung | H59: 2013-07-22
... A72: herusahruna01@gmail.com | B72: =VLOOKUP(C72,raw!S:AA,4,0) -> 0148371091 | C72: Calista Athaya Sahruna | D72: calistasahruna | E72: =_xlfn.CONCAT(D72,"2026") -> calistasahruna2026 | F72: Akhwat | G72: Bandung | H72: 2014-02-18
B73: =VLOOKUP(C73,raw!S:AA,4,0) -> 3131386554 | C73: Calista Serafina Izzatunisa | D73: calistaizzatunisa | E73: =_xlfn.CONCAT(D73,"2026") -> calistaizzatunisa2026 | F73: Akhwat | G73: Bandung | H73: 2013-09-28
A74: annidanr63@gmail.com | B74: =VLOOKUP(C74,raw!S:AA,4,0) -> 3134893425 | C74: Callysta Haiyun Sahira | D74: callystasahira | E74: =_xlfn.CONCAT(D74,"2026") -> callystasahira2026 | F74: Akhwat | G74: Bandung | H74: 2013-02-15
A75: ceisyaazzahraps@gmail.com | B75: =VLOOKUP(C75,raw!S:AA,4,0) -> 0139816669 | C75: Ceisya Azzahra Putri Setiady | D75: ceisyasetiady | E75: =_xlfn.CONCAT(D75,"2026") -> ceisyasetiady2026 | F75: Akhwat | G75: Bandung | H75: 2013-03-24
A76: dafinaazuraziva28@gmail.com | B76: =VLOOKUP(C76,raw!S:AA,4,0) -> 0134021681 | C76: Dafina Azura Ziva | D76: dafinaziva | E76: =_xlfn.CONCAT(D76,"2026") -> dafinaziva2026 | F76: Akhwat | G76: Sukabumi | H76: 2013-07-28
A77: 1207danish@gmail.com | B77: =VLOOKUP(C77,raw!S:AA,4,0) -> 0122191406 | C77: Danish Malik Arrahman | D77: danisharrahman | E77: =_xlfn.CONCAT(D77,"2026") -> danisharrahman2026 | F77: Ikhwan | G77: Bandar Lampung | H77: 2011-07-12
A78: daniswara.priendra@gmail.com | B78: =VLOOKUP(C78,raw!S:AA,4,0) -> 0126086376 | C78: Daniswara Ahsan Priendra | D78: daniswarapriendra | E78: =_xlfn.CONCAT(D78,"2026") -> daniswarapriendra2026 | F78: Ikhwan | G78: Bandung | H78: 2012-11-12
A79: darrenaldrien24@gmail.com | B79: =VLOOKUP(C79,raw!S:AA,4,0) -> 0148346988 | C79: Darren Aldrien Calief Aridihardja | D79: darrenaridihardja | E79: =_xlfn.CONCAT(D79,"2026") -> darrenaridihardja2026 | F79: Ikhwan | G79: Bandung | H79: 2014-01-24
A80: davinamahsa@gmail.com | B80: =VLOOKUP(C80,raw!S:AA,4,0) -> 3142950811 | C80: Davina Kyla Mahsa | D80: davinamahsa | E80: =_xlfn.CONCAT(D80,"2026") -> davinamahsa2026 | F80: Akhwat | G80: Depok | H80: 2014-02-26
A81: shellitamelanie97@gmail.com | B81: =VLOOKUP(C81,raw!S:AA,4,0) -> 0121887319 | C81: Deefa Quaneisha Qabila | D81: deefaqabila | E81: =_xlfn.CONCAT(D81,"2026") -> deefaqabila2026 | F81: Akhwat | G81: Bandung | H81: 2012-11-23
A82: desfara.a.husna@gmail.com | B82: =VLOOKUP(C82,raw!S:AA,4,0) -> 0121707270 | C82: Desfara Ayatul Husna | D82: desfarahusna | E82: =_xlfn.CONCAT(D82,"2026") -> desfarahusna2026 | F82: Akhwat | G82: Bandung | H82: 2012-12-19
A83: itahitayati73@gmail.com | B83: =VLOOKUP(C83,raw!S:AA,4,0) -> 0139455799 | C83: Dhabit Faiq Al Ghani | D83: dhabitgani | E83: =_xlfn.CONCAT(D83,"2026") -> dhabitgani2026 | F83: Ikhwan | G83: Bandung | H83: 2013-11-18
A84: dhafindhafin38@gmail.com | B84: =VLOOKUP(C84,raw!S:AA,4,0) -> 0124331553 | C84: Dhafin Athallah Wijaya | D84: dhafinwijaya | E84: =_xlfn.CONCAT(D84,"2026") -> dhafinwijaya2026 | F84: Ikhwan | G84: Bandung | H84: 2011-12-30
A85: dhyannisalesmana@gmail.com | B85: =VLOOKUP(C85,raw!S:AA,4,0) -> 0128712782 | C85: Dhyannisa Mutiarani Lesmana | D85: dhyannisalesmana | E85: =_xlfn.CONCAT(D85,"2026") -> dhyannisalesmana2026 | F85: Akhwat | G85: Bandung | H85: 2012-06-12
B86: =VLOOKUP(C86,raw!S:AA,4,0) -> 0122825608 | C86: Dria Humaira Dzuria Qurrata A'Yun | D86: driaayun | E86: =_xlfn.CONCAT(D86,"2026") -> driaayun2026 | F86: Akhwat | G86: Banjarmasin | H86: 2012-09-11
A87: ergi3777@gmail.com | B87: =VLOOKUP(C87,raw!S:AA,4,0) -> 3127034670 | C87: Dzaky Alrizkie Ergiansyah | D87: dzakyergiansyah | E87: =_xlfn.CONCAT(D87,"2026") -> dzakyergiansyah2026 | F87: Ikhwan | G87: Bandung | H87: 2012-05-29
A88: galuhgadiza90@gmail.com | B88: =VLOOKUP(C88,raw!S:AA,4,0) -> 0127668727 | C88: El Galuh Gadiza Nareswari | D88: elnareswari | E88: =_xlfn.CONCAT(D88,"2026") -> elnareswari2026 | F88: Akhwat | G88: Mataram | H88: 2012-07-22
A89: dwi.meytiawati@yahoo.com | B89: =VLOOKUP(C89,raw!S:AA,4,0) -> 0129313468 | C89: Elena Fazia Ramdhani | D89: elenaramdhani | E89: =_xlfn.CONCAT(D89,"2026") -> elenaramdhani2026 | F89: Akhwat | G89: Bandung | H89: 2012-09-29
A90: dinasetyaningsih2@gmail.com | B90: =VLOOKUP(C90,raw!S:AA,4,0) -> 0137002784 | C90: Evra Elya Najma Aris | D90: evraaris | E90: =_xlfn.CONCAT(D90,"2026") -> evraaris2026 | F90: Akhwat | G90: Bandung | H90: 2013-02-13
A91: faadhillahazwa431@gmail.com | B91: =VLOOKUP(C91,raw!S:AA,4,0) -> 3133512390 | C91: Faadhillah Azwa Rafisonia | D91: faadhillahrafisonia | E91: =_xlfn.CONCAT(D91,"2026") -> faadhillahrafisonia2026 | F91: Akhwat | G91: Bekasi | H91: 2013-04-13
B92: =VLOOKUP(C92,raw!S:AA,4,0) -> 0149125968 | C92: Fabian Ahza Wiratama | D92: fabianwiratama | E92: =_xlfn.CONCAT(D92,"2026") -> fabianwiratama2026 | F92: Ikhwan | G92: Sungai Penuh | H92: 2014-05-10
A93: fabianalfaraby2@gmail.com | B93: =VLOOKUP(C93,raw!S:AA,4,0) -> 0119830640 | C93: Fabian Al-Farabi Putra Purnama | D93: fabianpurnama | E93: =_xlfn.CONCAT(D93,"2026") -> fabianpurnama2026 | F93: Ikhwan | G93: Bandung | H93: 2011-11-27
A94: fabio.arfanur@gmail.com | B94: =VLOOKUP(C94,raw!S:AA,4,0) -> 0114980027 | C94: Fabio Arfa Nurjaman | D94: fabionurjaman | E94: =_xlfn.CONCAT(D94,"2026") -> fabionurjaman2026 | F94: Ikhwan | G94: Purwakarta | H94: 2011-12-01
A95: fadhlirafiffadhlullah@gmail.com | B95: =VLOOKUP(C95,raw!S:AA,4,0) -> 0132011840 | C95: Fadhli Rafif Fadhlullah | D95: fadhlifadhlullah | E95: =_xlfn.CONCAT(D95,"2026") -> fadhlifadhlullah2026 | F95: Ikhwan | G95: Bandung | H95: 2013-04-20
A96: sayyiddays1984@gmail.com | B96: =VLOOKUP(C96,raw!S:AA,4,0) -> 0117969721 | C96: Faeyza Akhtar Wardana | D96: faeyzawardana | E96: =_xlfn.CONCAT(D96,"2026") -> faeyzawardana2026 | F96: Ikhwan | G96: Bandung | H96: 2011-07-02
A97: faeyzaakhtar30@gmail.com | B97: =VLOOKUP(C97,raw!S:AA,4,0) -> 0145694836 | C97: Faeyza Akhtar Zeandhi | D97: faeyzazeandhi | E97: =_xlfn.CONCAT(D97,"2026") -> faeyzazeandhi2026 | F97: Ikhwan | G97: Bandung | H97: 2014-01-30
A98: fmakkahginta@gmail.com | B98: =VLOOKUP(C98,raw!S:AA,4,0) -> 3136897353 | C98: Faeyza Muhammad Makkahginta | D98: faeyzamakkahginta | E98: =_xlfn.CONCAT(D98,"2026") -> faeyzamakkahginta2026 | F98: Ikhwan | G98: Bandung | H98: 2013-10-14
A99: fahiraputrigunawan1234@gmail.com | B99: =VLOOKUP(C99,raw!S:AA,4,0) -> 0117544257 | C99: Fahira Putri Gunawan | D99: fahiragunawan | E99: =_xlfn.CONCAT(D99,"2026") -> fahiragunawan2026 | F99: Akhwat | G99: Bandung | H99: 2011-11-05
A100: faihanada4.zalfa@gmail.com | B100: =VLOOKUP(C100,raw!S:AA,4,0) -> 0136407306 | C100: Faiha Nada Zalfa | D100: faihazalfa | E100: =_xlfn.CONCAT(D100,"2026") -> faihazalfa2026 | F100: Akhwat | G100: Bandung | H100: 2012-10-04
A101: fairelathariz271212@gmail.com | B101: =VLOOKUP(C101,raw!S:AA,4,0) -> 0125136066 | C101: Fairel Athariz Hafiz | D101: fairelhafiz | E101: =_xlfn.CONCAT(D101,"2026") -> fairelhafiz2026 | F101: Ikhwan | G101: Bandung | H101: 2012-12-27
A102: fairellathaya@gmail.com | B102: =VLOOKUP(C102,raw!S:AA,4,0) -> 0132123815 | C102: Fairell Athaya Rahadian | D102: fairellrahadian | E102: =_xlfn.CONCAT(D102,"2026") -> fairellrahadian2026 | F102: Ikhwan | G102: Bandung | H102: 2013-10-17
A103: lemoner568@gmail.com | B103: =VLOOKUP(C103,raw!S:AA,4,0) -> 0126565640 | C103: Faisal Siddiq Amrullah | D103: faisalamrullah | E103: =_xlfn.CONCAT(D103,"2026") -> faisalamrullah2026 | F103: Ikhwan | G103: Bandung | H103: 2012-06-11
A104: widiatitriani@gmail.com | B104: =VLOOKUP(C104,raw!S:AA,4,0) -> 3130937841 | C104: Faizia Shafaira Ayesha Ramdan | D104: faiziaramdan | E104: =_xlfn.CONCAT(D104,"2026") -> faiziaramdan2026 | F104: Akhwat | G104: Bandung | H104: 2013-05-18
... A109: fathanazka280412@gmail.com | B109: =VLOOKUP(C109,raw!S:AA,4,0) -> 3134281403 | C109: Fathan Abbasy | D109: fathanabbasy | E109: =_xlfn.CONCAT(D109,"2026") -> fathanabbasy2026 | F109: Ikhwan | G109: Bandung | H109: 2013-06-05
B110: =VLOOKUP(C110,raw!S:AA,4,0) -> 3139024087 | C110: Fathan Febrian | D110: fathanfebriana | E110: =_xlfn.CONCAT(D110,"2026") -> fathanfebriana2026 | F110: Ikhwan | G110: Bandung | H110: 2013-02-13
B111: =VLOOKUP(C111,raw!S:AA,4,0) -> 0119782873 | C111: Fathimah Imro'Atun Zahidah | D111: fathimahzahidah | E111: =_xlfn.CONCAT(D111,"2026") -> fathimahzahidah2026 | F111: Akhwat | G111: Bandung | H111: 2011-12-30
A112: fatihmf210@gmail.com | B112: =VLOOKUP(C112,raw!S:AA,4,0) -> 0118552549 | C112: Fatih Muhammad Fathan | D112: fatihfathan | E112: =_xlfn.CONCAT(D112,"2026") -> fatihfathan2026 | F112: Ikhwan | G112: Bandung | H112: 2011-12-12
B113: =VLOOKUP(C113,raw!S:AA,4,0) -> 0125507493 | C113: Fatihan Arkan Eljabir | D113: fatihaneljabir | E113: =_xlfn.CONCAT(D113,"2026") -> fatihaneljabir2026 | F113: Ikhwan | G113: Bandung | H113: 2012-10-01
A114: fawwazalvaroh@gmail.com | B114: =VLOOKUP(C114,raw!S:AA,4,0) -> 3121636368 | C114: Fawwaz Alvaro Hediansyah | D114: fawwazhediansyah | E114: =_xlfn.CONCAT(D114,"2026") -> fawwazhediansyah2026 | F114: Ikhwan | G114: Bandung | H114: 2012-09-17
A115: firzaijnifahrezi@gmail.com | B115: =VLOOKUP(C115,raw!S:AA,4,0) -> 0122855737 | C115: Firza Ijni Fahrezy | D115: firzafahrezy | E115: =_xlfn.CONCAT(D115,"2026") -> firzafahrezy2026 | F115: Ikhwan | G115: Bandung | H115: 2012-01-08
B116: =VLOOKUP(C116,raw!S:AA,4,0) -> 0123491500 | C116: Ghaitsaa Shakaila Andiya | D116: ghaitsaaandiya | E116: =_xlfn.CONCAT(D116,"2026") -> ghaitsaaandiya2026 | F116: Akhwat | G116: Jakarta | H116: 2012-01-29
...

Sheet parent
A1: parent_name | B1: gender | C1: email_parent
A2: Dara Indah Pertiwi | B2: Akhwat
A3: Ratna Widyaningsih | B3: Akhwat | C3: rawidya80@gmail.com
A4: Yeye Fahrina Inayatillah | B4: Akhwat
A5: Ratna Hartati | B5: Akhwat
A6: Astrisia Fitriani | B6: Akhwat | C6: astrisia240883@gmail.com
A7: Kusmadini Suharti | B7: Akhwat
A8: Nia Sintawaty | B8: Akhwat | C8: niasintawati81@gmail.com
A9: Rika Andriani | B9: Akhwat | C9: rikaandrianiyogianto@gmail.com
A10: Annisa Hartani | B10: Akhwat
A11: Siska Maharani | B11: Akhwat
A12: Meggie Chairina | B12: Akhwat
A13: Sheila Puspita Wulandari | B13: Akhwat
A14: Hanifah Sani Spt | B14: Akhwat
A15: Hayunieta | B15: Akhwat | C15: hayunieta@gmail.com
A16: Suventi Turiatin | B16: Akhwat | C16: ventizia2012@gmail.com
A17: Flaminia Occitanie Adrial | B17: Akhwat
A18: Azizah | B18: Akhwat
A19: Nuryanti Riani | B19: Akhwat
A20: Nia Purnamasari | B20: Akhwat
A21: Afriani Samya Nugraha | B21: Akhwat
A22: Maryam | B22: Akhwat | C22: iyam15149@gmail.com
A23: Fifin Zuraidah Al Adawiyah | B23: Akhwat | C23: senojinca@gmail.com
A24: Tania Muthakarina | B24: Akhwat | C24: taniamuthakarina86@gmail.com
A25: Rizky Fitria Utami Widyodoro | B25: Akhwat
A26: Ligar Nurintan | B26: Akhwat
A27: Noer Indah Kumaladewi | B27: Akhwat
A28: Nurwita Widya Utami | B28: Akhwat
A29: Putri Eka Rizki Sudarsono, St | B29: Akhwat
A30: Susi Fatimah | B30: Akhwat
A31: Novi Yulianti | B31: Akhwat
A32: Pratiwi Prima Lestari | B32: Akhwat
A33: Setiawati,S.Sos | B33: Akhwat
A34: Pipit Septiani | B34: Akhwat
A35: Merina Indriastuti | B35: Akhwat
A36: Eva Agustina , Se | B36: Akhwat | C36: rbroerys@gmail.com
A37: Supriatin | B37: Akhwat
A38: Sri Mulyastuti | B38: Akhwat
A39: Yozie Verra Imelda | B39: Akhwat
A40: Yashoumi Setiatin | B40: Akhwat
A41: Dwi Rianti | B41: Akhwat
A42: Yuta Romadhona | B42: Akhwat
A43: Ari Fanti Dewi | B43: Akhwat | C43: arifantidewi@gmail.com
A44: Nichi Hana Karlina | B44: Akhwat
A45: Keli Narti | B45: Akhwat
A46: Dahlia | B46: Akhwat | C46: arsalibrahim10@icloud.com
A47: R.Henny Octaviany | B47: Akhwat
A48: Rizka Hizriati Handayani | B48: Akhwat
A49: Eva Fauziyah | B49: Akhwat | C49: fauziyah_eva@yahoo.com
A50: Idalia Melinawati | B50: Akhwat | C50: idaliamelinawati@gmail.com
A51: Agil Ayu Destriana | B51: Akhwat
A52: Ana Karina | B52: Akhwat
A53: Hesti Johan | B53: Akhwat
A54: Andini Wulandari | B54: Akhwat | C54: dintce@gmail.com
A55: Faridah | B55: Akhwat | C55: idafaridahsp@gmail.com
A56: Dhaifina Noor Sabrina | B56: Akhwat
A57: Wahyu Widayati | B57: Akhwat
A58: Sri Rahayu Mustika Sari | B58: Akhwat
A59: Lia Kamalia | B59: Akhwat | C59: avicennalausa@gmail.com
A60: Iin Parlina | B60: Akhwat | C60: alexlpph09@gmail.com
A61: Weriyanti | B61: Akhwat | C61: weriyanti@gmail.com
A62: Ayu Aprilia Putri | B62: Akhwat
A63: Ratna Antikasari | B63: Akhwat
A64: Dina Rahayu | B64: Akhwat
A65: Ade Octaviani | B65: Akhwat
A66: Irma Febrianti | B66: Akhwat
A67: Tessa Ramdani | B67: Akhwat
A68: Erika Wulandari | B68: Akhwat
A69: Fajar Wijayanti | B69: Akhwat | C69: fajar.wijayanti11@gmail.com
A70: Herlina Putri Herlistiyanti | B70: Akhwat
A71: Ita Masita,Se | B71: Akhwat
A72: Gita Rahmawati | B72: Akhwat
A73: Anisa Fitri | B73: Akhwat
A74: Rosaria Kesuma Dewi | B74: Akhwat
A75: Moya Nurmelinda | B75: Akhwat
A76: Erna Yuniawaty | B76: Akhwat | C76: ernafatria@gmail.com
A77: Sri Agustina | B77: Akhwat | C77: tinasyahdani05@yahoo.com
A78: Ika Swastika Andhian | B78: Akhwat | C78: andhian-85@gmail.com
A79: Ririn Riani Ludisa | B79: Akhwat
A80: Sutarsih | B80: Akhwat
A81: Shellita Melanie Astuti Setiawan | B81: Akhwat
A82: Iis Tuty Yuningsih | B82: Akhwat | C82: ummi.zanera@gmail.com
A83: Ita Hitayati | B83: Akhwat | C83: neizlisnawati512328@gmail.com
A84: Ari Rosita Wijayanti | B84: Akhwat | C84: dhatindhatin38@gmail.com
A85: Indriana | B85: Akhwat
A86: Heiriah | B86: Akhwat | C86: kusumaaira227@gmail.com
A87: Desti Susilowati | B87: Akhwat | C87: desti8888@gmail.com
A88: Ninik Muryanti | B88: Akhwat
A89: Dwi Meytiawati | B89: Akhwat
A90: Dina Setyaningsih | B90: Akhwat
A91: Rafika Putri Taurisia | B91: Akhwat
A92: Ririn Yefatika Sari | B92: Akhwat
A93: Rizky Fitria Utami Widyodoro | B93: Akhwat
A94: Suzan Indira Gandhi | B94: Akhwat
A95: Yusi Susilawati | B95: Akhwat
A96: Bheta Ayu Minati | B96: Akhwat | C96: ayubetha@gmail.com
A97: Rahmi Musdalifah | B97: Akhwat
A98: Yeni Anggraeni | B98: Akhwat
A99: Rina Rosdiana | B99: Akhwat
A100: Nurlaela Rochayati | B100: Akhwat
...

Sheet teacher
A1: kode | B1: teacher
A2: ASA | B2: Agus Sayyidul Ayyam, S.Pd.
A3: ANN | B3: Annida Nurrohmah
A4: AKR | B4: Arai kurnia Ramadhan
A5: BSI | B5: Bunga Sarah Istiqomah, S.Ag.
A6: LNI | B6: Lespi Nurul izzati, S.Ag.
A7: MMI | B7: Marwan Malik Ibrahim, S.Pd.
A8: MNS | B8: Muhammad Nurrachman Satrio, S.Pd.
A9: SNN | B9: Sabrina Niela Ni'ami, S.Pd.
A10: SHF | B10: Sahri Fauzan, S.Pd.

Sheet class
A1: class
A2: VII Thalhah bin Ubaidillah
A3: VII Abu Bakar Ash-shiddiq
A4: VIII Umar bin Khattab
A5: VII Ali bin Abi Thalib
A6: VIII Sa'ad Bin Abi Waqqash
A7: IX Utsman bin Affan
A8: VIII Abdurrahman bin Auf
A9: IX Ja'far bin Abi Thalib
A10: IX Zubair bin Awwam

Sheet surah
A1: No | B1: Surat | C1: Juz
A2: 1 | B2: Al Fatihah | C2: 1
A3: 2 | B3: Al Baqarah | C3: 1
A4: 3 | B4: Al Imran
A5: 4 | B5: An Nisa
A6: 5 | B6: Al Maidah
A7: 6 | B7: Al An'Am
A8: 7 | B8: Al 'Araf
A9: 8 | B9: Al Anfal
A10: 9 | B10: At Taubah
A11: 10 | B11: Yunus
A12: 11 | B12: Hud
A13: 12 | B13: Yusuf
A14: 13 | B14: Ar - Raad
A15: 14 | B15: Ibrahim
... A62: 61 | B62: As Shaff
A63: 62 | B63: Al Jumuah | C63: 28
A64: 63 | B64: Al Munafiqun | C64: 28
A65: 64 | B65: At Taghobun | C65: 28
A66: 65 | B66: At Talaq | C66: 28
A67: 66 | B67: At Tahrim | C67: 28
A68: 67 | B68: Al Mulk | C68: 29
A69: 68 | B69: Al Qalam | C69: 29
A70: 69 | B70: Al Haqqah | C70: 29
A71: 70 | B71: Al Ma'Arij | C71: 29
A72: 71 | B72: Nuh | C72: 29
A73: 72 | B73: Al Jin | C73: 29
A74: 73 | B74: Al Muzammil | C74: 29
... A115: 114 | B115: An Nas | C115: 30
